dr_no,date_rptd,date_occ,area,crm_cd,location
190326475,3/1/2020 0:00,3/1/2020 0:00,7,510,1900 S  LONGWOOD                     AV
200106753,2/9/2020 0:00,2/8/2020 0:00,1,330,1000 S  FLOWER                       ST
200320258,11/11/2020 0:00,11/4/2020 0:00,3,480,1400 W  37TH                         ST
200907217,5/10/2023 0:00,3/10/2020 0:00,9,343,14000    RIVERSIDE                    DR
220614831,8/18/2022 0:00,8/17/2020 0:00,6,354,1900    TRANSIENT
231808869,4/4/2023 0:00,12/1/2020 0:00,18,354,9900    COMPTON                      AV
230110144,4/4/2023 0:00,7/3/2020 0:00,1,354,1100 S  GRAND                        AV
220314085,7/22/2022 0:00,5/12/2020 0:00,3,354,2500 S  SYCAMORE                     AV
231309864,4/28/2023 0:00,12/9/2020 0:00,13,354,1300 E  57TH                         ST
211904005,12/31/2020 0:00,12/31/2020 0:00,19,624,9000    CEDROS                       AV
221804943,1/21/2022 0:00,7/1/2020 0:00,18,354,100 W  COLDEN                       AV
221908151,4/12/2022 0:00,10/1/2020 0:00,19,821,13400    RANGOON                      ST
230204214,1/5/2023 0:00,2/1/2020 0:00,2,812,900 N  MARIPOSA                     AV
221008844,5/6/2022 0:00,11/1/2020 0:00,10,510,VALJEAN                      ST
230207571,3/16/2023 0:00,1/1/2020 0:00,2,810,900 S  LAKE                         ST
230312288,6/1/2023 0:00,2/2/2020 0:00,3,354,4200    SANTO TOMAS                  DR
231805781,2/3/2023 0:00,7/1/2020 0:00,18,354,400 W  90TH                         ST
231322474,12/24/2023 0:00,1/9/2020 0:00,13,354,4000    WALL                         ST
210705560,11/27/2020 0:00,11/27/2020 0:00,7,230,4500    LOMITA                       ST
221016258,9/20/2022 0:00,1/1/2020 0:00,10,956,5200    GENESTA                      AV
220705246,2/3/2022 0:00,2/11/2020 0:00,7,341,800 S  TREMAINE                     AV
230808643,4/25/2023 0:00,1/1/2020 0:00,8,341,16700    MONTE HERMOSO                DR
231907172,3/21/2023 0:00,3/15/2020 0:00,19,812,8500    COLUMBUS                     AV
232011098,6/4/2023 0:00,7/1/2020 0:00,20,812,1700 S  WESTMORELAND                 AV
200412582,9/9/2020 0:00,9/9/2020 0:00,4,510,200 E  AVENUE 28
232112438,8/3/2023 0:00,7/1/2020 0:00,21,354,21000    VANOWEN                      ST
221105176,2/2/2022 0:00,2/9/2020 0:00,11,930,2800    WAVERLY                      DR
222106031,2/23/2022 0:00,8/14/2020 0:00,21,668,7700    SAUSALITO                    AV
211209197,3/20/2021 0:00,7/1/2020 0:00,12,354,1600 W  67TH                         ST
220808837,4/28/2022 0:00,3/30/2020 0:00,8,624,1200 S  WESTGATE                     AV
231207725,2/27/2023 0:00,1/27/2020 0:00,12,354,6200    4TH                          AV
231205231,1/17/2023 0:00,1/1/2020 0:00,12,354,100 E  85TH                         ST
231108757,5/9/2023 0:00,5/8/2020 0:00,11,330,2800 E  OBSERVATORY                  RD
221404806,1/19/2022 0:00,1/18/2020 0:00,14,420,WASHINGTON                   PL
220215983,9/6/2022 0:00,5/26/2020 0:00,2,420,200 S  CORONADO                     ST
211220472,9/27/2021 0:00,11/26/2020 0:00,12,930,7800 S  SAN PEDRO                    ST
211818877,10/22/2021 0:00,3/10/2020 0:00,18,354,8700    ORCHARD                      AV
221515929,10/10/2022 0:00,4/1/2020 0:00,15,354,5700    CARTWRIGHT                   AV
230406865,3/28/2023 0:00,6/28/2020 0:00,4,354,3400    PERCY                        ST
231915767,10/25/2023 0:00,9/2/2020 0:00,19,354,8700    TOBIAS                       AV
221016530,11/15/2022 0:00,10/23/2020 0:00,10,354,17900    EMELITA                      ST
231210407,4/18/2023 0:00,1/1/2020 0:00,12,354,700 E  73RD                         ST
220208037,3/30/2022 0:00,1/1/2020 0:00,2,813,1100 W  6TH                          ST
221504294,1/6/2022 0:00,10/30/2020 0:00,15,812,5700    COLFAX                       AV
221312369,6/3/2022 0:00,12/10/2020 0:00,13,354,2700 S  CENTRAL                      AV
220911866,7/26/2022 0:00,2/1/2020 0:00,9,354,15200    LA MAIDA                     ST
231906599,3/3/2023 0:00,1/14/2020 0:00,19,354,14500    WILLOWGREEN                  LN
220321807,12/13/2022 0:00,5/17/2020 0:00,3,354,1400 W  25TH                         ST
221216052,7/7/2022 0:00,2/23/2020 0:00,12,354,500 W  75TH                         ST
220508440,4/27/2022 0:00,7/7/2020 0:00,5,341,2300 S  MEYLER                       ST
220213256,7/14/2022 0:00,7/14/2020 0:00,2,354,1200 W  7TH                          ST
221607555,4/22/2022 0:00,8/1/2020 0:00,16,354,11100    HERRICK                      AV
221516944,11/3/2022 0:00,6/1/2020 0:00,15,354,6700    BAKMAN                       AV
230617817,11/14/2023 0:00,11/13/2020 0:00,6,420,7200    FRANKLIN                     AV
231115685,11/12/2023 0:00,11/12/2020 0:00,11,440,3300    GLENDALE                     BL
231707687,4/4/2023 0:00,5/8/2020 0:00,17,354,17100    CHATSWORTH                   ST
230711357,6/26/2023 0:00,1/1/2020 0:00,7,354,4900 W  WASHINGTON                   BL
220409258,5/29/2022 0:00,3/29/2020 0:00,4,354,2600 E  4TH                          ST
220119956,9/6/2022 0:00,7/1/2020 0:00,1,354,800 S  HOPE                         ST
240604173,1/5/2024 0:00,7/9/2020 0:00,6,354,6200    HOLLYWOOD                    BL
220104934,1/17/2022 0:00,12/20/2020 0:00,1,341,6TH                          ST
230817493,11/27/2023 0:00,9/13/2020 0:00,8,626,1700    COMSTOCK                     AV
221718084,12/20/2022 0:00,12/2/2020 0:00,17,440,9300    TAMPA                        AV
221110929,6/28/2022 0:00,6/27/2020 0:00,11,330,2800    COLORADO                     BL
231711735,6/7/2023 0:00,9/2/2020 0:00,17,354,17400    NORDHOFF                     ST
231912127,7/26/2023 0:00,1/26/2020 0:00,19,354,14600    NURMI                        ST
231818830,11/1/2023 0:00,1/1/2020 0:00,18,762,500 W  108TH                        ST
221710268,6/21/2022 0:00,5/20/2020 0:00,17,441,18600    PRAIRIE                      ST
231007464,3/30/2023 0:00,6/25/2020 0:00,10,354,7400    JAMIESON                     AV
221917823,12/12/2022 0:00,4/5/2020 0:00,19,354,15400    EL CAJON                     ST
211404152,1/4/2021 0:00,12/28/2020 0:00,14,310,12600 W  JEFFERSON                    BL
231205374,1/25/2023 0:00,10/12/2020 0:00,12,354,8300 S  HARVARD                      BL
231505589,2/8/2023 0:00,9/1/2020 0:00,15,812,10800    HORTENSE                     ST
231420506,11/6/2023 0:00,4/2/2020 0:00,14,354,12700    PACIFIC                      AV
221508505,4/20/2022 0:00,12/31/2020 0:00,15,420,5900    CARPENTER                    AV
231817823,10/13/2023 0:00,8/23/2020 0:00,18,354,1500 E  112TH                        ST
231212586,5/24/2023 0:00,6/3/2020 0:00,12,354,6400    8TH                          AV
220309099,4/14/2022 0:00,6/23/2020 0:00,3,354,2600    CARMONA                      AV
201810154,4/26/2020 0:00,4/22/2020 0:00,18,510,90TH
221412410,6/15/2022 0:00,11/12/2020 0:00,14,420,13600    MARINA POINT                 DR
211505284,2/2/2021 0:00,12/27/2020 0:00,15,330,10900    BLUFFSIDE                    DR
220209598,4/25/2022 0:00,12/29/2020 0:00,2,956,1300    ANGELINA                     ST
220316688,9/12/2022 0:00,9/11/2020 0:00,3,331,1300 W  37TH                         DR
231814007,7/27/2023 0:00,10/27/2020 0:00,18,354,2200 E  111TH                        ST
222004619,12/21/2020 0:00,12/20/2020 0:00,20,341,2500 W  OLYMPIC                      BL
221209581,4/7/2022 0:00,1/1/2020 0:00,12,812,5500 S  VERMONT                      AV
220917870,12/31/2022 0:00,3/16/2020 0:00,9,354,6500    WOODMAN                      AV
221017007,11/28/2022 0:00,4/23/2020 0:00,10,354,6000    DONNA                        AV
232112058,7/25/2023 0:00,4/26/2020 0:00,21,956,4500    CEZANNE                      AV
220313293,7/6/2022 0:00,6/30/2020 0:00,3,626,VERMONT                      AV
220320985,7/7/2023 0:00,1/1/2020 0:00,3,813,5500    GEER                         ST
221909318,5/9/2022 0:00,5/8/2020 0:00,19,330,9900    LEMONA                       AV
231510293,5/27/2023 0:00,11/24/2020 0:00,15,510,7500    LAUREL CANYON                BL
230714162,9/2/2023 0:00,8/3/2020 0:00,7,354,5100 W  21ST                         ST
221110658,6/21/2022 0:00,2/28/2020 0:00,11,354,3600    TRACY                        ST
220207597,3/21/2022 0:00,10/1/2020 0:00,2,210,1300 S  ALVARADO                     ST
221713038,8/31/2022 0:00,3/10/2020 0:00,17,662,18400    PLUMMER                      ST
221105273,2/4/2022 0:00,2/2/2020 0:00,11,420,100 W  AVENUE 44
230710696,6/11/2023 0:00,12/17/2020 0:00,7,354,100 S  FLORES                       ST
231510050,5/22/2023 0:00,5/8/2020 0:00,15,626,5300    CLEON                        AV
230911729,6/10/2023 0:00,4/1/2020 0:00,9,354,6600    PEACH                        AV
221209383,3/30/2022 0:00,2/25/2020 0:00,12,354,4600    WESLEY                       AV
220211619,5/7/2022 0:00,12/16/2020 0:00,2,330,200 S  VENDOME                      ST
231105297,2/3/2023 0:00,7/27/2020 0:00,11,354,4200    CLAYTON                      AV
232011006,6/2/2023 0:00,6/1/2020 0:00,20,662,1500 S  GRAMERCY                     PL
221308122,3/10/2022 0:00,3/10/2020 0:00,13,354,1400 E  20TH                         ST
201410122,4/28/2020 0:00,4/28/2020 0:00,14,510,3600    KEYSTONE                     AV
231709319,5/7/2023 0:00,12/14/2020 0:00,17,354,11100    DENSMORE                     AV
221917253,11/25/2022 0:00,6/15/2020 0:00,19,420,8600    LANGDON                      AV
220204234,1/5/2022 0:00,12/20/2020 0:00,2,354,700    WITMER                       ST
220604399,1/10/2022 0:00,9/19/2020 0:00,6,354,WILTON
231320297,11/8/2023 0:00,5/8/2020 0:00,13,354,200 W  60TH                         ST
221511470,6/22/2022 0:00,7/11/2020 0:00,15,354,12600    OTSEGO                       ST
231309161,4/7/2023 0:00,1/1/2020 0:00,13,354,200 W  62ND                         ST
230513434,9/12/2023 0:00,9/1/2020 0:00,5,662,600 N  FRIES                        AV
221516098,10/13/2022 0:00,10/13/2020 0:00,15,860,10900    BLIX                         ST
230118041,8/16/2023 0:00,8/27/2020 0:00,1,236,800 W  1ST                          ST
221205458,1/15/2022 0:00,10/10/2020 0:00,12,820,800 W  83RD                         ST
231315967,8/21/2023 0:00,1/1/2020 0:00,13,812,4800 S  SAN PEDRO                    ST
220514938,10/16/2022 0:00,7/1/2020 0:00,5,812,1600 W  206TH                        ST
230606306,2/24/2023 0:00,3/20/2020 0:00,6,661,8100    WILLOW GLEN                  RD
221507710,3/30/2022 0:00,1/30/2020 0:00,15,354,11300    OTSEGO                       ST
221300973,9/9/2022 0:00,6/1/2020 0:00,13,810,4600 S  MAIN                         ST
222114709,9/26/2022 0:00,6/19/2020 0:00,21,354,7900    SAUSALITO                    AV
221006046,2/24/2022 0:00,11/19/2020 0:00,10,354,17900    SHERMAN                      WY
221609983,6/30/2022 0:00,8/1/2020 0:00,16,930,9700    PINEWOOD                     AV
221806358,2/21/2022 0:00,2/21/2020 0:00,18,354,2000 E  115TH                        ST
221315910,10/29/2020 0:00,8/2/2020 0:00,13,354,4600 S  BROADWAY
230908117,4/13/2023 0:00,7/31/2020 0:00,9,354,4200    VENTURA CANYON               AV
231309176,4/14/2023 0:00,10/19/2020 0:00,13,354,100 W  70TH                         ST
232014656,8/25/2023 0:00,6/25/2020 0:00,20,354,400 S  CATALINA                     ST
221905982,2/20/2022 0:00,2/20/2020 0:00,19,901,CANTERBURY
230109090,3/10/2023 0:00,4/10/2020 0:00,1,354,700 S  SPRING                       ST
221309225,4/7/2022 0:00,4/3/2020 0:00,13,354,2700 S  GRAND                        AV
210904288,1/9/2021 0:00,12/27/2020 0:00,9,442,14000    RIVERSIDE                    DR
231905726,2/8/2023 0:00,1/1/2020 0:00,19,812,14700    BLYTHE                       ST
221615196,12/16/2022 0:00,12/1/2020 0:00,16,354,12100    MERCER                       ST
220120619,9/16/2022 0:00,9/15/2020 0:00,1,740,900 S  MAIN                         ST
220610269,5/13/2022 0:00,10/8/2020 0:00,6,354,1000    WILCOX                       AV
230218442,10/2/2023 0:00,1/1/2020 0:00,2,812,200 S  LAKE                         ST
221004804,1/23/2022 0:00,11/23/2020 0:00,10,354,18600    VENTURA                      BL
232110833,6/23/2023 0:00,6/1/2020 0:00,21,354,6800    ALABAMA                      AV
220208989,4/14/2022 0:00,4/14/2020 0:00,2,354,600 S  UNION                        AV
231806653,6/12/2022 0:00,3/4/2020 0:00,18,946,100 W  108TH                        ST
220706120,2/23/2022 0:00,10/13/2020 0:00,7,354,700 N  GENESEE                      AV
230208225,3/28/2023 0:00,3/28/2020 0:00,2,354,200    WITMER                       ST
221806331,2/15/2022 0:00,4/10/2020 0:00,18,440,200 W  MANCHESTER                   AV
210704053,12/31/2020 0:00,12/31/2020 0:00,7,310,100 N  CROFT                        AV
231221370,10/11/2023 0:00,3/20/2020 0:00,12,354,7500 S  SAN PEDRO                    ST
221016479,11/14/2022 0:00,7/24/2020 0:00,10,761,SHERMAN                      WY
221011289,7/5/2022 0:00,3/1/2020 0:00,10,626,SHIRLEY
231421770,12/13/2023 0:00,3/13/2020 0:00,14,440,CAMPUS CENTER                DR
221811572,5/24/2022 0:00,8/2/2020 0:00,18,354,10400 S  VERMONT                      AV
230404996,1/30/2023 0:00,8/23/2020 0:00,4,649,3400    GARNET                       ST
232117501,12/9/2023 0:00,5/10/2020 0:00,21,354,6500    INDEPENDENCE                 AV
221220860,9/15/2022 0:00,1/18/2020 0:00,12,354,5200 S  MANHATTAN                    PL
220504655,1/20/2022 0:00,1/19/2020 0:00,5,331,300 S  WEYMOUTH                     AV
230813464,7/22/2023 0:00,10/1/2020 0:00,8,354,800    HILGARD                      AV
231905565,2/6/2023 0:00,1/1/2020 0:00,19,626,9400    KESTER                       AV
220910623,6/21/2022 0:00,11/19/2020 0:00,9,354,6300    MORSE                        AV
221226041,12/27/2022 0:00,11/20/2020 0:00,12,440,8300 S  HOOVER                       ST
231207476,2/27/2023 0:00,8/15/2020 0:00,12,310,8800    HAAS                         AV
221708027,4/13/2022 0:00,8/9/2020 0:00,17,354,17600    BLACKHAWK                    ST
220717687,12/12/2022 0:00,2/12/2020 0:00,7,354,400 N  FULLER                       AV
230507674,4/11/2023 0:00,7/30/2020 0:00,5,354,800 W  19TH                         ST
220909334,5/18/2022 0:00,10/1/2020 0:00,9,354,4700    BURNET                       AV
221015665,10/25/2022 0:00,6/9/2020 0:00,10,354,19200    HAYNES                       ST
201308739,3/27/2020 0:00,3/27/2020 0:00,13,510,3200 S  SAN PEDRO                    ST
221225047,12/9/2022 0:00,12/2/2020 0:00,12,354,6800    10TH                         AV
231810634,5/19/2023 0:00,1/2/2020 0:00,18,354,9700 S  CENTRAL                      AV
221007765,4/10/2022 0:00,4/6/2020 0:00,10,510,6600    RESEDA                       BL
220311221,5/23/2022 0:00,4/29/2020 0:00,3,845,1500 W  MARTIN LUTHER KING JR        BL
220318793,10/19/2022 0:00,10/19/2020 0:00,3,812,5500    GEER                         ST
221209976,4/14/2022 0:00,9/27/2020 0:00,12,956,200 E  84TH                         PL
230605916,2/9/2023 0:00,2/9/2020 0:00,6,354,1700 N  LAS PALMAS                   AV
241204387,1/5/2024 0:00,5/5/2020 0:00,12,354,900 E  82ND                         ST
231420590,11/20/2023 0:00,11/20/2020 0:00,14,956,500    SAN JUAN                     AV
230113770,6/6/2023 0:00,3/20/2020 0:00,1,668,300 S  HOPE                         ST
220712955,8/16/2022 0:00,11/8/2020 0:00,7,440,100 S  FLORES                       ST
230710300,9/22/2022 0:00,7/26/2020 0:00,7,662,700 N  ALFRED                       ST
220717203,11/30/2022 0:00,3/1/2020 0:00,7,354,100 N  FULLER                       AV
220904776,1/22/2022 0:00,12/28/2020 0:00,9,310,4600    VAN NUYS                     BL
221006113,2/27/2022 0:00,8/24/2020 0:00,10,330,GLORIA
231007048,3/21/2023 0:00,7/30/2020 0:00,10,354,6600    RESEDA                       BL
221711184,6/15/2022 0:00,5/15/2020 0:00,17,354,8300    WHITE OAK                    AV
220407814,4/22/2022 0:00,4/1/2020 0:00,4,121,3100    WINTER                       ST
231205329,1/20/2023 0:00,6/20/2020 0:00,12,354,1400 W  47TH                         ST
220619758,12/5/2022 0:00,6/15/2020 0:00,6,626,7200    FRANKLIN                     AV
211104796,1/24/2021 0:00,1/23/2020 0:00,11,745,1200    WESTERLY                     TR
241204463,1/7/2024 0:00,6/7/2020 0:00,12,354,10200    RUTHELEN                     ST
220911160,7/6/2022 0:00,3/1/2020 0:00,9,354,6400    VAN NUYS                     BL
212015258,10/5/2021 0:00,6/23/2020 0:00,20,354,700 S  KINGSLEY                     DR
222010418,5/29/2022 0:00,5/27/2020 0:00,20,626,200 S  NORMANDIE                    AV
222013040,8/6/2022 0:00,6/4/2020 0:00,20,354,3300    SAN MARINO                   ST
211206198,2/3/2021 0:00,12/20/2020 0:00,12,624,1300 W  MANCHESTER                   AV
220712765,8/11/2022 0:00,3/20/2020 0:00,7,354,1900 S  BURNSIDE                     AV
221308438,3/23/2022 0:00,10/19/2020 0:00,13,354,1200 E  46TH                         ST
221715152,10/20/2022 0:00,8/5/2020 0:00,17,354,10300    LINDLEY                      AV
201112065,7/31/2020 0:00,7/30/2020 0:00,11,510,KENMORE                      ST
220404852,1/28/2022 0:00,12/27/2020 0:00,4,946,2200    LILLYVALE                    AV
221106692,3/14/2022 0:00,1/1/2020 0:00,11,354,3000 W  AVENUE 32
221908420,4/15/2022 0:00,8/1/2020 0:00,19,813,8700    VAN NUYS                     BL
221818077,9/28/2022 0:00,1/1/2020 0:00,18,820,500 W  92ND                         ST
221606564,3/21/2022 0:00,7/17/2020 0:00,16,649,7900    SAN FERNANDO                 RD
221715311,10/16/2022 0:00,7/11/2020 0:00,17,624,11700    THUNDERBIRD                  AV
231304505,1/10/2023 0:00,12/10/2020 0:00,13,354,900 E  43RD                         PL
221220098,9/7/2022 0:00,1/7/2020 0:00,12,354,3300 W  66TH                         ST
231906446,2/28/2023 0:00,2/17/2020 0:00,19,627,9000    WILLIS                       AV
231305562,2/1/2023 0:00,4/1/2020 0:00,13,210,12TH                         ST
230510455,6/28/2023 0:00,6/1/2020 0:00,5,354,500 W  8TH                          ST
231309128,4/13/2023 0:00,8/13/2020 0:00,13,354,300 W  ADAMS                        BL
231106607,3/8/2023 0:00,3/1/2020 0:00,11,860,4200    FOUNTAIN                     AV
220509276,5/18/2022 0:00,10/26/2020 0:00,5,653,1400 W  227TH                        ST
221404672,1/11/2022 0:00,5/1/2020 0:00,14,354,3100    CHEVIOT VISTA                PL
231506571,3/3/2023 0:00,7/15/2020 0:00,15,946,12300    EMELITA                      ST
231210462,4/19/2023 0:00,6/1/2020 0:00,12,821,800 E  75TH                         ST
240604147,1/5/2024 0:00,1/1/2020 0:00,6,354,1300    CHEROKEE                     AV
220507155,3/24/2022 0:00,12/1/2020 0:00,5,230,1000 W  18TH                         ST
230212736,6/20/2023 0:00,6/19/2020 0:00,2,420,900    GRATTAN                      ST
221315909,11/25/2020 0:00,11/17/2020 0:00,13,354,500 E  22ND                         ST
230413909,10/30/2023 0:00,10/30/2020 0:00,4,354,3200    GLENN                        AV
221304833,1/19/2022 0:00,7/1/2020 0:00,13,354,1100 E  28TH                         ST
231411022,5/22/2020 0:00,5/22/2020 0:00,14,626,700    WORLD WAY
230409692,6/24/2023 0:00,6/24/2020 0:00,4,354,3500    COPELAND                     PL
211711508,8/13/2021 0:00,11/1/2020 0:00,17,440,8300    GLORIA                       AV
221810933,5/17/2022 0:00,5/6/2020 0:00,18,845,100 W  108TH                        ST
221513237,8/8/2022 0:00,7/5/2020 0:00,15,354,13200    CANTARA                      ST
220606971,3/5/2022 0:00,7/2/2020 0:00,6,230,YUCCA                        ST
231512931,7/28/2023 0:00,10/9/2020 0:00,15,354,11000    CHANDLER                     BL
231906802,3/9/2023 0:00,6/26/2020 0:00,19,310,13600    OTTOMAN                      ST
222005367,1/30/2022 0:00,11/1/2020 0:00,20,354,2200 W  15TH                         ST
231817789,10/11/2023 0:00,1/11/2020 0:00,18,354,11100    DENVER                       AV
230707560,3/24/2023 0:00,3/20/2020 0:00,7,662,1100 S  NORTON                       AV
231613896,11/9/2023 0:00,4/1/2020 0:00,16,354,8700    WHEATLAND                    AV
230818547,12/26/2023 0:00,10/21/2020 0:00,8,354,1400    BUTLER                       AV
220608736,4/12/2022 0:00,10/22/2020 0:00,6,649,6200    BANNER                       AV
221004913,1/25/2022 0:00,9/1/2020 0:00,10,354,5200    GENESTA                      AV
231204446,1/6/2023 0:00,1/6/2020 0:00,12,354,6400    10TH                         AV
231205201,1/16/2023 0:00,7/1/2020 0:00,12,354,2300 W  FLORENCE                     AV
211313647,8/2/2021 0:00,10/22/2020 0:00,13,928,300 W  70TH                         ST
220509193,5/17/2022 0:00,10/1/2020 0:00,5,510,PACIFIC COAST
230708191,4/7/2023 0:00,8/30/2020 0:00,7,354,300 S  COCHRAN                      AV
221700766,5/11/2022 0:00,10/1/2020 0:00,17,341,21600    TRIBUNE                      ST
231220613,10/2/2023 0:00,7/17/2020 0:00,12,354,800 W  50TH                         PL
230309403,4/15/2023 0:00,9/6/2020 0:00,3,354,4000    WEST                         BL
220506019,2/1/2022 0:00,2/1/2020 0:00,5,627,1400 W  227TH                        ST
231107419,3/30/2023 0:00,8/8/2020 0:00,11,624,LOS FELIZ                    BL
221204063,12/9/2021 0:00,1/20/2020 0:00,12,354,7400 S  DENKER                       AV
221225797,12/22/2022 0:00,12/22/2020 0:00,12,510,6900 S  FIGUEROA                     ST
231809755,4/28/2023 0:00,3/1/2020 0:00,18,354,9400 S  CENTRAL                      AV
220411016,7/18/2022 0:00,6/22/2020 0:00,4,310,4800    VALLEY                       BL
230710560,6/8/2023 0:00,6/1/2020 0:00,7,121,1200    LA CIENEGA                   BL
221505387,2/4/2022 0:00,3/1/2020 0:00,15,230,10500    RIVERSIDE                    DR
232005220,1/28/2023 0:00,9/1/2020 0:00,20,354,2000    CAMBRIDGE                    ST
232110125,6/8/2023 0:00,4/27/2020 0:00,21,624,TOPANGA CANYON
230306591,2/19/2023 0:00,12/5/2020 0:00,3,354,2500    WELLINGTON                   RD
221913440,8/20/2022 0:00,4/17/2020 0:00,19,354,15200    COBALT                       ST
210217152,11/2/2021 0:00,1/1/2020 0:00,2,812,400 N  VENDOME                      ST
211804895,12/9/2020 0:00,12/9/2020 0:00,18,210,400 E  95TH                         ST
220604806,1/19/2022 0:00,3/21/2020 0:00,6,354,6400    YUCCA                        ST
221404880,1/20/2022 0:00,12/1/2020 0:00,14,480,12600    VILLAGE                      LN
221822433,12/19/2022 0:00,11/25/2020 0:00,18,121,10300 S  BROADWAY
220218655,10/17/2022 0:00,5/8/2020 0:00,2,354,500    UNION                        DR
231706742,3/6/2023 0:00,1/1/2020 0:00,17,813,10400    LARWIN                       AV
231809250,4/20/2023 0:00,4/20/2020 0:00,18,354,1400 E  111TH                        PL
211105454,2/12/2021 0:00,11/29/2020 0:00,11,354,2400    MORENO                       DR
220605785,2/8/2022 0:00,10/16/2020 0:00,6,956,1200 N  CAHUENGA                     BL
221604268,1/7/2022 0:00,2/19/2020 0:00,16,354,9300    SUNLAND PARK                 DR
232006335,1/23/2023 0:00,10/9/2020 0:00,20,354,2700    JAMES M WOOD                 BL
221912723,8/2/2022 0:00,11/1/2020 0:00,19,649,8900    BURNET                       AV
221218237,8/23/2022 0:00,8/23/2020 0:00,12,812,1600 W  45TH                         ST
222008928,4/21/2022 0:00,7/1/2020 0:00,20,354,400 S  KINGSLEY                     DR
221304490,1/11/2022 0:00,10/1/2020 0:00,13,354,300 E  59TH                         PL
221314362,7/11/2022 0:00,4/7/2020 0:00,13,354,1600 E  OLYMPIC                      BL
230305615,2/1/2023 0:00,1/25/2020 0:00,3,121,3600    CIMARRON                     ST
220817021,11/18/2022 0:00,11/17/2020 0:00,8,930,2000    AVENUE OF THE STARS
230220152,10/25/2023 0:00,1/25/2020 0:00,2,354,1300 S  BURLINGTON                   AV
220206045,2/17/2022 0:00,11/19/2020 0:00,2,354,1000 W  18TH                         ST
230710295,5/31/2023 0:00,1/1/2020 0:00,7,956,1000 S  ORANGE GROVE                 AV
222104573,1/18/2022 0:00,8/7/2020 0:00,21,354,6200    PENFIELD                     AV
221605629,2/21/2022 0:00,10/31/2020 0:00,16,121,12800    PAXTON                       ST
221907310,3/21/2022 0:00,3/19/2020 0:00,19,815,8600    WILLIS                       AV
221605942,3/2/2022 0:00,8/27/2020 0:00,16,810,12600    PIERCE                       ST
220221083,12/2/2022 0:00,11/28/2020 0:00,2,121,700 S  BIXEL                        ST
210805061,12/24/2020 0:00,12/23/2020 0:00,8,331,15300    DE PAUW                      ST
221418972,11/15/2022 0:00,11/15/2020 0:00,14,626,600    INDIANA                      AV
220116036,6/17/2022 0:00,3/23/2020 0:00,1,354,100 E  3RD                          ST
221916942,11/15/2022 0:00,4/1/2020 0:00,19,820,14000    LAKESIDE                     ST
210304538,12/21/2020 0:00,1/1/2020 0:00,3,820,4100    MARLTON                      AV
220605303,1/30/2022 0:00,1/10/2020 0:00,6,354,1100 N  ARDMORE                      AV
220407289,4/6/2022 0:00,9/1/2020 0:00,4,860,PERCY
220504793,1/22/2022 0:00,4/1/2020 0:00,5,956,1100    MCDONALD                     AV
211206256,10/24/2020 0:00,10/23/2020 0:00,12,740,900 W  65TH                         ST
231404594,12/31/2022 0:00,3/4/2020 0:00,14,354,12900    WALSH                        AV
221916382,11/2/2022 0:00,11/11/2020 0:00,19,354,15100    TAMARACK                     CT
230110332,11/26/2020 0:00,11/26/2020 0:00,1,815,200 S  OLIVE                        ST
230320974,12/8/2023 0:00,4/22/2020 0:00,3,354,3800    POTOMAC                      AV
232104037,1/2/2023 0:00,2/1/2020 0:00,21,940,VANOWEN                      ST
220319193,10/27/2022 0:00,11/12/2020 0:00,3,946,4100    GARTHWAITE                   AV
231110558,6/27/2023 0:00,8/7/2020 0:00,11,946,200 N  AVE 55
221509576,5/13/2022 0:00,5/20/2020 0:00,15,625,12100    BURBANK                      BL
221907738,4/1/2022 0:00,1/1/2020 0:00,19,354,8500    MAMMOTH                      AV
230604435,1/11/2023 0:00,12/13/2020 0:00,6,310,5800    SANTA MONICA                 BL
220908425,4/26/2022 0:00,11/20/2020 0:00,9,310,5200 N  SEPULVEDA                    BL
230911235,6/29/2023 0:00,11/1/2020 0:00,9,354,5100    STANSBURY                    AV
230818509,11/20/2023 0:00,1/1/2020 0:00,8,341,800    VIA DE LA PAZ
232109597,5/27/2023 0:00,7/14/2020 0:00,21,354,20400    CANTARA                      ST
221011819,7/20/2022 0:00,7/19/2020 0:00,10,331,18400    INGOMAR                      ST
231711215,6/12/2023 0:00,11/12/2020 0:00,17,354,20600    LUGANO                       WY
210907013,3/16/2021 0:00,11/15/2020 0:00,9,940,6300    PEACH                        AV
230507982,4/20/2023 0:00,4/1/2020 0:00,5,624,700 S  LELAND                       ST
230714761,9/18/2023 0:00,6/16/2020 0:00,7,354,1100 S  MUIRFIELD                    RD
221211022,4/26/2022 0:00,4/26/2020 0:00,12,354,1100 W  VERNON                       AV
230506149,2/28/2023 0:00,7/1/2020 0:00,5,510,SANFORD
221313048,6/17/2022 0:00,1/1/2020 0:00,13,341,1000    TOWNE                        AV
241904532,12/19/2023 0:00,5/1/2020 0:00,19,815,8100 N  SEPULVEDA                    PL
230309845,4/24/2023 0:00,9/1/2020 0:00,3,956,1900    PARK GROVE                   AV
231810615,5/17/2023 0:00,1/1/2020 0:00,18,820,2000 E  115TH                        ST
220110779,4/21/2022 0:00,11/28/2020 0:00,1,662,500 W  CESAR E CHAVEZ               AV
220106694,2/16/2022 0:00,3/13/2020 0:00,1,668,400 N  GRAND                        AV
230126260,12/11/2023 0:00,12/10/2020 0:00,1,330,1100 S  GRAND                        AV
231223480,11/21/2023 0:00,2/2/2020 0:00,12,845,5800    HAAS                         AV
221507610,3/28/2022 0:00,3/22/2020 0:00,15,236,5200    HARMONY                      AV
231218307,8/18/2023 0:00,7/6/2020 0:00,12,354,800 W  52ND                         ST
220611171,5/31/2022 0:00,3/10/2020 0:00,6,354,8400    HOLLYWOOD                    BL
220705297,2/4/2022 0:00,11/1/2020 0:00,7,354,300 S  DETROIT                      ST
231805308,1/26/2023 0:00,7/15/2020 0:00,18,354,100 W  IMPERIAL                     HY
231311304,5/25/2023 0:00,6/15/2020 0:00,13,354,5500    MORGAN                       AV
220804051,12/11/2021 0:00,1/18/2020 0:00,8,956,1900    SAWTELLE                     BL
221005035,1/29/2022 0:00,8/1/2020 0:00,10,812,6600    DARBY                        AV
220917253,12/13/2022 0:00,12/21/2020 0:00,9,626,VANOWEN
220214942,8/11/2022 0:00,1/1/2020 0:00,2,331,1500 W  OLYMPIC                      BL
220620646,12/27/2022 0:00,11/19/2020 0:00,6,354,1600 N  KINGSLEY                     DR
231613511,10/30/2023 0:00,5/5/2020 0:00,16,354,10200    RINCON                       AV
230609606,5/9/2023 0:00,8/23/2020 0:00,6,354,1000    VINE                         ST
221606629,3/22/2022 0:00,5/1/2020 0:00,16,354,9300    GLENOAKS                     BL
220310780,5/16/2022 0:00,10/1/2020 0:00,3,354,1800 W  43RD                         ST
230506618,3/13/2023 0:00,8/5/2020 0:00,5,845,2100    JOHN S GIBSON                BL
220413587,9/26/2022 0:00,9/1/2020 0:00,4,121,3200    BLANCHARD                    ST
220705715,2/15/2022 0:00,8/15/2020 0:00,7,354,1500 S  HAYWORTH                     AV
221707355,2/15/2022 0:00,7/23/2020 0:00,17,745,19100    DERWENT                      PL
211611263,8/31/2021 0:00,2/10/2020 0:00,16,813,12600    GARBER                       ST
232004972,1/25/2023 0:00,1/1/2020 0:00,20,812,3000    LEEWARD                      AV
221704892,1/21/2022 0:00,7/1/2020 0:00,17,956,19500    SHADOW GLEN CIR
222012456,7/19/2022 0:00,1/1/2020 0:00,20,354,1300    MAGNOLIA                     AV
220614618,8/13/2022 0:00,12/15/2020 0:00,6,330,LEXINGTON
220515613,11/3/2022 0:00,9/1/2020 0:00,5,626,400 W  20TH                         ST
221411398,5/24/2022 0:00,3/30/2020 0:00,14,354,10900    ROSE                         AV
230304640,1/14/2023 0:00,3/14/2020 0:00,3,354,4500    COLISEUM                     ST
222108906,5/3/2022 0:00,12/31/2020 0:00,21,352,7300    MEDICAL CENTER               DR
221608687,5/24/2022 0:00,3/30/2020 0:00,16,815,11800    KATHYANN                     ST
230218441,10/2/2023 0:00,1/1/2020 0:00,2,812,200 S  LAKE                         ST
221210385,4/21/2020 0:00,4/21/2020 0:00,12,330,6400    HAAS                         AV
231712864,7/16/2023 0:00,1/16/2020 0:00,17,354,9700    ZELZAH                       AV
212015778,10/16/2021 0:00,5/15/2020 0:00,20,354,600 S  MANHATTAN                    PL
231214436,6/23/2023 0:00,11/20/2020 0:00,12,354,5300    3RD                          AV
231308748,4/4/2023 0:00,8/14/2020 0:00,13,354,1300 E  48TH                         ST
220517340,12/23/2022 0:00,7/29/2020 0:00,5,354,100 S  ARBOLES                      CT
201605651,2/9/2020 0:00,1/30/2020 0:00,16,648,12900    DESMOND                      ST
230704658,1/16/2023 0:00,5/11/2020 0:00,7,354,1800 S  LA BREA                      AV
220321001,11/29/2022 0:00,2/18/2020 0:00,3,354,2700    BRIGHTON                     AV
231717780,11/17/2023 0:00,2/21/2020 0:00,17,341,20400    ALBION                       WY
230809796,5/17/2023 0:00,9/26/2020 0:00,8,354,11500    MISSOURI                     AV
221108981,5/10/2022 0:00,12/2/2020 0:00,11,354,3900    GLENFELIZ                    BL
231204979,1/18/2023 0:00,5/1/2020 0:00,12,626,1000 W  50TH                         ST
201215394,6/26/2020 0:00,6/25/2020 0:00,12,510,FLORENCE
210205090,12/20/2020 0:00,12/4/2020 0:00,2,354,900 N  VENDOME                      ST
221507368,3/23/2022 0:00,2/1/2020 0:00,15,860,11700    RUNNYMEDE                    ST
240904504,1/13/2024 0:00,1/13/2020 0:00,9,354,14200    CHANDLER                     BL
221409128,4/12/2022 0:00,4/20/2020 0:00,14,886,13600    MARINA POINT                 DR
221205529,1/28/2022 0:00,1/1/2020 0:00,12,121,800 E  77TH                         ST
221516877,11/2/2022 0:00,9/7/2020 0:00,15,820,8500    MULHOLLAND                   DR
230714857,9/20/2023 0:00,7/20/2020 0:00,7,354,1100 S  MUIRFIELD                    RD
211409233,4/6/2021 0:00,8/19/2020 0:00,14,510,5900 W  CENTURY                      BL
231412171,6/9/2023 0:00,6/1/2020 0:00,14,930,3500    GRAND VIEW                   BL
220517192,12/19/2022 0:00,7/1/2020 0:00,5,330,25400    PINE CREEK                   LN
221207508,2/28/2022 0:00,7/1/2020 0:00,12,354,1400 W  60TH                         ST
222106975,3/14/2022 0:00,8/7/2020 0:00,21,354,8800    TOPANGA CANYON               BL
221209243,3/16/2022 0:00,6/26/2020 0:00,12,354,1800 W  70TH                         ST
220206809,3/3/2022 0:00,2/2/2020 0:00,2,354,2800    COUNCIL                      ST
200406391,3/2/2020 0:00,3/1/2020 0:00,4,310,4500    HUNTINGTON DR
221212344,5/17/2022 0:00,11/1/2020 0:00,12,666,6500    WEST                         BL
221905893,2/15/2022 0:00,2/15/2020 0:00,19,956,9600    SALOMA                       AV
221417043,9/28/2022 0:00,12/1/2020 0:00,14,662,3000    WESTWOOD                     BL
221510639,6/5/2022 0:00,1/24/2020 0:00,15,354,5500    STROHM                       AV
221216517,7/14/2022 0:00,1/1/2020 0:00,12,921,FIGUEROA
231015060,9/14/2023 0:00,1/14/2020 0:00,10,354,16100    CANTLAY                      ST
211304794,1/19/2021 0:00,1/17/2020 0:00,13,930,300 W  49TH                         ST
201312835,6/25/2020 0:00,6/23/2020 0:00,13,510,500 E  35TH                         ST
220609836,5/3/2022 0:00,6/30/2020 0:00,6,956,6400    SELMA                        AV
230110262,4/9/2023 0:00,7/17/2020 0:00,1,121,1200 S  GRAND                        AV
232004462,1/12/2023 0:00,1/11/2020 0:00,20,310,400 S  COMMONWEALTH                 AV
232113429,8/28/2023 0:00,3/1/2020 0:00,21,354,22100    ERWIN                        ST
202013931,8/26/2020 0:00,8/26/2020 0:00,20,805,OAKWOOD
220814938,9/25/2022 0:00,8/22/2020 0:00,8,442,2000    ROSCOMARE                    RD
230716588,11/1/2023 0:00,10/31/2020 0:00,7,626,4500    ST CHARLES                   PL
221004727,1/21/2022 0:00,1/1/2020 0:00,10,930,18300    COLLINS                      ST
232110277,6/12/2023 0:00,9/11/2020 0:00,21,354,5700    OWENSMOUTH                   AV
221110416,6/14/2022 0:00,10/24/2020 0:00,11,354,3900    GLENFELIZ                    BL
231017522,12/23/2023 0:00,10/20/2020 0:00,10,420,SATICOY                      AV
231911608,7/14/2023 0:00,1/1/2020 0:00,19,820,8400    WILLIS                       AV
230613179,7/25/2023 0:00,2/20/2020 0:00,6,354,1100    SUNSET VALE                  AV
221210279,4/16/2022 0:00,11/5/2020 0:00,12,440,S  WESTERN                      AV
230308058,3/20/2023 0:00,3/20/2020 0:00,3,330,4900    LINSCOTT                     PL
220813413,8/17/2022 0:00,3/17/2020 0:00,8,354,1500 S  BUNDY                        DR
231109634,6/1/2023 0:00,9/11/2020 0:00,11,845,3300    SAN FERNANDO                 RD
220310688,5/15/2022 0:00,8/2/2020 0:00,3,354,2900 S  HOOVER                       ST
231310841,5/17/2023 0:00,2/22/2020 0:00,13,354,100 W  47TH                         ST
221307277,2/11/2022 0:00,2/12/2020 0:00,13,354,100 W  53RD                         ST
232017416,10/30/2023 0:00,8/25/2020 0:00,20,354,300 S  MANHATTAN                    PL
221706832,3/21/2022 0:00,3/21/2020 0:00,17,236,DE SOTO                      AV
202112289,8/3/2020 0:00,7/30/2020 0:00,21,510,7600    SALE                         AV
221008947,5/8/2022 0:00,5/8/2020 0:00,10,354,7200    LASAINE                      AV
221505374,2/4/2022 0:00,8/1/2020 0:00,15,354,11700    WELBY                        WY
220305685,2/8/2022 0:00,2/2/2020 0:00,3,510,4400    11TH                         AV
210305239,12/30/2020 0:00,12/29/2020 0:00,3,331,3000    7TH                          AV
221614254,11/13/2022 0:00,1/1/2020 0:00,16,354,10200    TELFAIR                      AV
221210224,4/14/2022 0:00,5/6/2020 0:00,12,354,6300 S  WESTERN                      AV
231509915,5/18/2023 0:00,1/1/2020 0:00,15,354,6800    MORELLA                      AV
231311162,5/23/2023 0:00,6/29/2020 0:00,13,341,400 E  43RD                         ST
221916140,10/25/2022 0:00,10/25/2020 0:00,19,813,9200 N  SEPULVEDA                    BL
231813707,7/20/2023 0:00,8/28/2020 0:00,18,354,1300 E  IMPERIAL                     HY
231808628,3/27/2023 0:00,8/27/2020 0:00,18,354,700 N  CALIBURN                     DR
221212785,5/30/2022 0:00,1/20/2020 0:00,12,740,100 W  77TH                         ST
221606131,3/7/2022 0:00,2/9/2020 0:00,16,354,7700    EL CAPRICE                   AV
210805827,2/16/2021 0:00,2/16/2020 0:00,8,310,11700    SANTA MONICA                 BL
231220373,9/26/2023 0:00,12/1/2020 0:00,12,121,100 W  78TH                         ST
221010828,6/24/2022 0:00,4/1/2020 0:00,10,932,6800    ETIWANDA                     AV
230114808,6/25/2023 0:00,6/24/2020 0:00,1,352,600 N  SPRING                       ST
222113244,8/19/2022 0:00,1/20/2020 0:00,21,420,VANOWEN
220704424,1/11/2022 0:00,3/1/2020 0:00,7,341,5700    WILSHIRE                     BL
222017661,9/23/2022 0:00,9/20/2020 0:00,20,624,2700    FRANCIS                      AV
221516921,11/2/2022 0:00,2/1/2020 0:00,15,354,4400    CARTWRIGHT                   AV
221607647,4/25/2022 0:00,8/29/2020 0:00,16,810,UNK FOOTHILL
231609210,6/15/2023 0:00,5/9/2020 0:00,16,354,7700    SATSUMA                      AV
220611494,6/8/2022 0:00,3/12/2020 0:00,6,624,1300 N  BRONSON                      AV
221506757,11/23/2021 0:00,9/1/2020 0:00,15,354,3600    BARHAM                       BL
231109830,6/6/2023 0:00,10/30/2020 0:00,11,845,3300    SAN FERNANDO                 RD
220818200,12/15/2022 0:00,1/1/2020 0:00,8,354,1600 S  HOLT                         AV
220320024,11/9/2022 0:00,11/9/2020 0:00,3,354,500 W  43RD                         ST
230319519,11/8/2023 0:00,7/24/2020 0:00,3,354,3900    GIBRALTAR                    AV
221011732,7/18/2022 0:00,7/1/2020 0:00,10,354,6500    RESEDA                       BL
221224187,11/18/2022 0:00,7/18/2020 0:00,12,354,1500 W  58TH                         PL
220705842,2/18/2022 0:00,12/20/2020 0:00,7,440,1200 S  PLYMOUTH                     BL
221507765,3/31/2022 0:00,1/1/2020 0:00,15,354,11300    OTSEGO                       ST
210804049,1/2/2021 0:00,12/4/2020 0:00,8,480,2400 S  SEPULVEDA                    BL
231210693,4/19/2023 0:00,3/5/2020 0:00,12,354,1500 W  93RD                         ST
230312511,6/21/2023 0:00,4/3/2020 0:00,3,354,3900    DEGNAN                       BL
230209650,4/26/2023 0:00,1/8/2020 0:00,2,510,2000 W  8TH                          ST
222105110,1/28/2022 0:00,9/7/2020 0:00,21,354,8300    WOODLAKE                     AV
221717327,12/8/2022 0:00,6/4/2020 0:00,17,956,10600    INDEPENDENCE                 AV
220407062,3/31/2022 0:00,10/15/2020 0:00,4,649,2400 N  BROADWAY
220806369,2/28/2022 0:00,1/1/2020 0:00,8,341,1300    CASIANO                      RD
221911806,7/10/2022 0:00,3/25/2020 0:00,19,354,13800    RAYEN                        ST
230612691,7/18/2023 0:00,9/18/2020 0:00,6,354,6400    DIX                          ST
231208015,3/5/2023 0:00,2/1/2020 0:00,12,354,6500    5TH                          AV
221004502,1/15/2022 0:00,11/1/2020 0:00,10,354,6500    GRAVES                       AV
220208280,4/4/2022 0:00,11/17/2020 0:00,2,900,200    WITMER                       ST
211705203,2/2/2021 0:00,12/4/2020 0:00,17,649,21800    LASSEN                       ST
201310253,5/2/2020 0:00,4/27/2020 0:00,13,331,3100 S  HOPE                         ST
220911563,7/14/2022 0:00,9/3/2020 0:00,9,354,14300    SYLVAN                       ST
230907876,4/7/2023 0:00,3/15/2020 0:00,9,440,6100    HAZELTINE                    AV
230119627,9/11/2023 0:00,5/9/2020 0:00,1,420,500    RAMIREZ                      ST
220619815,12/1/2022 0:00,12/8/2020 0:00,6,354,1500 N  FAIRFAX                      AV
220317214,9/21/2022 0:00,3/15/2020 0:00,3,354,4000    MCCLUNG                      DR
231207740,2/17/2023 0:00,2/17/2020 0:00,12,354,700 E  80TH                         ST
220815553,10/14/2022 0:00,8/10/2020 0:00,8,354,11700    WILSHIRE                     BL
220204577,1/15/2022 0:00,8/1/2020 0:00,2,930,1400 W  11TH                         ST
211408216,3/16/2021 0:00,12/28/2020 0:00,14,668,9700    AIRPORT                      BL
221217505,7/17/2022 0:00,6/9/2020 0:00,12,956,5900    HAAS                         AV
231614496,11/29/2023 0:00,11/27/2020 0:00,16,820,7800    IRVINE                       AV
220710510,6/16/2022 0:00,7/1/2020 0:00,7,668,6100    WILSHIRE                     BL
220416014,12/5/2022 0:00,4/29/2020 0:00,4,354,300 N  MATHEWS                      ST
220221184,12/5/2022 0:00,1/1/2020 0:00,2,354,2600    WILSHIRE                     BL
221907753,4/1/2022 0:00,10/16/2020 0:00,19,121,14600    ROSCOE                       BL
220114107,6/13/2022 0:00,2/25/2020 0:00,1,354,600 S  MAIN                         ST
221218085,8/8/2022 0:00,1/1/2020 0:00,12,354,10500 S  MANHATTAN                    PL
221916426,11/2/2022 0:00,1/9/2020 0:00,19,341,14600    PARTHENIA                    ST
221810263,5/5/2022 0:00,5/5/2020 0:00,18,354,100 W  109TH                        ST
230618170,11/20/2023 0:00,1/17/2020 0:00,6,946,7000    HAWTHORN                     AV
220319411,10/31/2022 0:00,10/30/2020 0:00,3,352,700    EXPOSITION                   BL
211518743,12/14/2021 0:00,4/11/2020 0:00,15,946,5300    CORTEEN                      PL
220512901,8/24/2022 0:00,1/1/2020 0:00,5,956,22400    DENKER                       AV
230618916,12/13/2023 0:00,12/11/2020 0:00,6,662,1000 N  WESTERN                      AV
231309992,5/1/2023 0:00,5/1/2020 0:00,13,815,200 W  66TH                         ST
221704519,12/5/2021 0:00,12/1/2020 0:00,17,354,9600    RESEDA                       BL
221709277,5/24/2022 0:00,5/13/2020 0:00,17,354,17300    CHASE                        ST
211420201,8/3/2020 0:00,8/3/2020 0:00,14,440,5500    WESTLAWN                     AV
211804059,1/2/2021 0:00,12/30/2020 0:00,18,745,700 W  COLDEN                       AV
210905375,2/5/2021 0:00,11/15/2020 0:00,9,420,7000 N  SEPULVEDA                    BL
221513146,8/6/2022 0:00,4/20/2020 0:00,15,510,12200    SHERMAN                      WY
231717646,11/2/2023 0:00,1/1/2020 0:00,17,354,16500    ARMSTEAD                     ST
220704526,1/16/2022 0:00,10/1/2020 0:00,7,354,900 N  MARTEL                       AV
221305923,1/26/2022 0:00,12/25/2020 0:00,13,810,1000 E  43RD                         ST
220917252,12/13/2022 0:00,12/21/2020 0:00,9,627,VANOWEN
230205256,1/20/2023 0:00,2/23/2020 0:00,2,354,1000 N  HOOVER                       ST
231321415,11/30/2023 0:00,7/6/2020 0:00,13,354,100 W  48TH                         ST
222009929,5/15/2022 0:00,6/8/2020 0:00,20,354,300 S  KINGSLEY                     DR
200114396,7/6/2020 0:00,7/4/2020 0:00,1,510,6TH                          ST
220811962,7/14/2022 0:00,6/1/2020 0:00,8,310,11600 W  OLYMPIC                      BL
221206342,2/13/2022 0:00,2/13/2020 0:00,12,761,900 W  78TH                         ST
221106367,3/6/2022 0:00,11/10/2020 0:00,11,745,2600    THORPE                       AV
221115990,11/7/2022 0:00,10/6/2020 0:00,11,812,300 N  AVENUE 52
220214438,8/8/2022 0:00,8/1/2020 0:00,2,420,700    PARKMAN                      AV
231013980,8/13/2023 0:00,10/17/2020 0:00,10,354,18000    MARTHA                       ST
222019280,12/16/2022 0:00,2/5/2020 0:00,20,649,900 S  NEW HAMPSHIRE                AV
220817417,11/21/2022 0:00,2/21/2020 0:00,8,354,700    HALLIDAY                     AV
221411798,5/31/2022 0:00,6/25/2020 0:00,14,121,8200    RAMSGATE                     AV
230604935,1/13/2023 0:00,3/10/2020 0:00,6,354,6100    ROMAINE                      ST
220505308,2/2/2022 0:00,12/1/2020 0:00,5,354,1800 S  GAFFEY                       ST
221225134,12/13/2022 0:00,6/13/2020 0:00,12,354,5300    RUTHELEN                     ST
220706832,3/16/2022 0:00,1/1/2020 0:00,7,668,1800 S  FAIRFAX                      AV
220818171,12/15/2022 0:00,6/15/2020 0:00,8,354,2300    WESTWOOD                     BL
231807447,3/9/2023 0:00,10/1/2020 0:00,18,354,200 W  99TH                         ST
231317622,9/20/2023 0:00,9/11/2020 0:00,13,510,5500    MORGAN                       AV
221819021,10/5/2022 0:00,7/31/2020 0:00,18,354,2100 E  105TH                        ST
220110351,4/14/2022 0:00,10/1/2020 0:00,1,354,100 W  7TH                          ST
221222171,10/19/2022 0:00,10/1/2020 0:00,12,956,8400 S  VERMONT                      AV
221811447,5/26/2022 0:00,2/1/2020 0:00,18,121,500 W  COLDEN                       AV
210107732,3/20/2021 0:00,12/1/2020 0:00,1,341,400 S  SAN PEDRO                    ST
221006093,2/25/2022 0:00,6/1/2020 0:00,10,354,6800    RHEA                         AV
221217989,8/19/2022 0:00,4/27/2020 0:00,12,662,1000 W  67TH                         ST
221209376,4/6/2022 0:00,1/5/2020 0:00,12,354,5200 S  WESTERN                      AV
220917492,12/20/2022 0:00,3/20/2020 0:00,9,354,6500    WOODMAN                      AV
230515145,10/20/2023 0:00,12/9/2020 0:00,5,354,1300 S  MESA                         ST
220914148,9/22/2022 0:00,1/1/2020 0:00,9,354,5400    TYRONE                       AV
230317144,9/16/2023 0:00,8/8/2020 0:00,3,354,4000    NICOLET                      AV
220707271,3/27/2022 0:00,5/29/2020 0:00,7,354,1200 S  LA JOLLA                     AV
221514248,8/30/2022 0:00,8/4/2020 0:00,15,903,11900    RIVERSIDE                    DR
200912561,7/20/2020 0:00,7/20/2020 0:00,9,510,BESSEMER
221908403,4/18/2022 0:00,4/17/2020 0:00,19,745,15200    SUNBURST                     ST
211004916,1/30/2021 0:00,12/15/2020 0:00,10,310,18400    BURBANK                      BL
221915597,10/11/2022 0:00,6/1/2020 0:00,19,812,13100    BORDEN                       AV
231713766,8/5/2023 0:00,7/3/2020 0:00,17,626,20400    SHAMROCK                     PL
222006554,2/26/2022 0:00,2/26/2020 0:00,20,236,100 S  BERENDO                      ST
231510452,5/24/2023 0:00,5/24/2020 0:00,15,354,6900    ATOLL                        AV
231308569,4/1/2023 0:00,1/1/2020 0:00,13,354,6400 S  BROADWAY
211504819,1/22/2021 0:00,7/10/2020 0:00,15,510,11400    CHANDLER                     BL
210608827,4/23/2021 0:00,12/15/2020 0:00,6,310,5800    SANTA MONICA                 BL
231008104,4/17/2023 0:00,4/1/2020 0:00,10,354,19500    LEADWELL                     ST
232004501,1/14/2023 0:00,1/1/2020 0:00,20,310,1800    ARAPAHOE                     ST
230507151,3/24/2023 0:00,6/26/2020 0:00,5,956,1600    256TH                        ST
221804340,1/8/2022 0:00,3/7/2020 0:00,18,354,2100 E  114TH                        ST
230718552,12/16/2023 0:00,8/17/2020 0:00,7,354,1100 S  HIGHLAND                     AV
230514897,10/19/2023 0:00,8/19/2020 0:00,5,354,1100 W  24TH                         ST
221507119,3/11/2022 0:00,11/1/2020 0:00,15,236,12000    HESBY                        ST
231515086,9/20/2023 0:00,3/16/2020 0:00,15,354,5800    LAUREL CANYON                BL
221908685,4/25/2022 0:00,3/7/2020 0:00,19,354,9000    TOBIAS                       AV
231419365,10/26/2023 0:00,6/1/2020 0:00,14,354,7200 W  MANCHESTER                   AV
221507756,3/31/2022 0:00,12/5/2020 0:00,15,354,6600    ATOLL                        AV
221213844,5/24/2022 0:00,5/8/2020 0:00,12,354,3300 W  60TH                         ST
222104705,1/22/2022 0:00,1/22/2020 0:00,21,812,20300    ARMINTA                      ST
221519127,12/30/2022 0:00,12/17/2020 0:00,15,354,4200    ELMER                        AV
220505934,2/19/2022 0:00,2/19/2020 0:00,5,330,700 W  182ND                        ST
231211752,4/14/2023 0:00,11/10/2020 0:00,12,354,1700 W  64TH                         ST
222109748,5/27/2022 0:00,3/28/2020 0:00,21,956,21000    VANOWEN                      ST
210806271,2/26/2021 0:00,10/31/2020 0:00,8,668,1100 S  BEVERLY                      DR
221222580,10/30/2022 0:00,6/1/2020 0:00,12,627,800 W  83RD                         ST
221418375,10/30/2022 0:00,10/30/2020 0:00,14,624,4900 S  SLAUSON                      AV
231812149,6/19/2023 0:00,12/24/2020 0:00,18,354,100 W  98TH                         ST
211410751,4/30/2021 0:00,6/12/2020 0:00,14,354,3700    VETERAN                      AV
211106748,3/21/2021 0:00,1/1/2020 0:00,11,354,1500    OAK GROVE                    DR
220106363,2/10/2022 0:00,10/1/2020 0:00,1,121,200 S  OLIVE                        ST
221217696,8/13/2022 0:00,12/1/2020 0:00,12,354,100 E  73RD                         ST
220414491,10/20/2022 0:00,10/19/2020 0:00,4,510,1000    LORD                         ST
221612433,9/15/2022 0:00,12/3/2020 0:00,16,341,11800    PEORIA                       ST
200207955,3/19/2020 0:00,3/19/2020 0:00,2,510,1900    MIRAMAR                      ST
230108364,3/8/2023 0:00,12/16/2020 0:00,1,354,600    WALL                         ST
231205719,1/30/2023 0:00,4/7/2020 0:00,12,354,6200 S  DENKER                       AV
220220118,11/12/2022 0:00,11/12/2020 0:00,2,354,2200 W  8TH                          ST
221209255,3/24/2022 0:00,8/28/2020 0:00,12,354,6700    BRYNHURST                    AV
221704329,1/3/2022 0:00,6/5/2020 0:00,17,354,9200    ENCINO                       AV
221913658,8/24/2022 0:00,3/3/2020 0:00,19,354,13300    DRONFIELD                    AV
221806506,2/25/2022 0:00,8/1/2020 0:00,18,354,800 E  116TH                        ST
212009203,5/15/2021 0:00,12/5/2020 0:00,20,900,1100 S  VERMONT                      AV
230208100,3/26/2023 0:00,1/12/2020 0:00,2,354,700 S  UNION                        AV
231505784,2/13/2023 0:00,10/14/2020 0:00,15,626,5100    LAUREL CANYON                BL
221404692,1/15/2022 0:00,11/1/2020 0:00,14,886,MAIN                         ST
241804050,1/1/2024 0:00,4/1/2020 0:00,18,354,9300 S  CENTRAL                      AV
240904134,1/4/2024 0:00,3/1/2020 0:00,9,901,6700    MURIETTA                     AV
231806065,2/6/2023 0:00,1/1/2020 0:00,18,813,10100    WILMINGTON                   AV
220508966,5/9/2022 0:00,10/28/2020 0:00,5,956,25000    FRAMPTON                     AV
222106102,2/25/2022 0:00,12/13/2020 0:00,21,354,6600    TOPANGA CANYON               BL
221419817,11/2/2022 0:00,12/4/2020 0:00,14,354,6900    KNOWLTON                     PL
210117309,9/22/2021 0:00,10/21/2020 0:00,1,845,200 E  6TH                          ST
220206927,3/8/2022 0:00,11/1/2020 0:00,2,930,1900 W  COURT                        ST
231611191,8/17/2023 0:00,3/1/2020 0:00,16,354,10100    HADDON                       AV
231512148,7/12/2023 0:00,1/1/2020 0:00,15,354,11000    MAGNOLIA                     BL
221706445,3/8/2022 0:00,6/5/2020 0:00,17,354,10300    VARIEL                       AV
231207678,3/2/2023 0:00,5/1/2020 0:00,12,420,7600 S  FIGUEROA                     ST
210809259,5/12/2021 0:00,12/12/2020 0:00,8,956,1600    CHASTAIN PKWY
231709524,5/1/2023 0:00,2/1/2020 0:00,17,236,16900    BLACKHAWK                    ST
232112798,8/11/2023 0:00,8/11/2020 0:00,21,354,6900    OWENSMOUTH                   AV
221611892,8/26/2022 0:00,4/15/2020 0:00,16,815,11600    GLADSTONE                    AV
220126052,12/8/2022 0:00,9/27/2020 0:00,1,354,600 E  5TH                          ST
221506014,2/20/2022 0:00,2/17/2020 0:00,15,510,11500    CALVERT                      ST
221404829,1/18/2022 0:00,7/16/2020 0:00,14,310,8600 S  SEPULVEDA                    BL
221509250,5/5/2022 0:00,3/1/2020 0:00,15,626,11100    AQUA VISTA                   ST
221421185,12/20/2022 0:00,9/22/2020 0:00,14,354,7100    ALVERN                       ST
211505747,2/15/2021 0:00,8/16/2020 0:00,15,354,5600    LAUREL CANYON                BL
231006812,2/22/2023 0:00,10/27/2020 0:00,10,121,5600    CALVIN                       AV
220204516,1/13/2022 0:00,8/1/2020 0:00,2,420,200    WITMER                       ST
222007542,3/23/2022 0:00,3/22/2020 0:00,20,626,4200 W  1ST                          ST
220117108,7/29/2022 0:00,12/25/2020 0:00,1,440,300 E  5TH                          ST
231006256,2/27/2023 0:00,6/2/2020 0:00,10,740,16200    VENTURA                      BL
221218637,7/12/2022 0:00,8/1/2020 0:00,12,310,5000    DENKER                       AV
231716502,10/12/2023 0:00,3/10/2020 0:00,17,341,17200    RAYMER                       ST
221517779,11/25/2022 0:00,10/20/2020 0:00,15,354,4700    BEN                          AV
230206138,2/15/2023 0:00,5/27/2020 0:00,2,354,400    CORONADO                     TR
231013475,9/7/2023 0:00,6/7/2020 0:00,10,354,18300    HATTERAS                     ST
220515869,11/11/2022 0:00,11/6/2020 0:00,5,354,200 S  CENTRE                       ST
230612659,7/8/2023 0:00,6/1/2020 0:00,6,354,2200    CHELAN                       DR
220208449,4/7/2022 0:00,1/1/2020 0:00,2,813,400 S  BURLINGTON                   AV
231007020,3/21/2023 0:00,8/1/2020 0:00,10,121,6300    WOODLEY                      AV
210709140,5/28/2021 0:00,5/28/2020 0:00,7,510,5900 W  OLYMPIC                      BL
211505552,2/10/2021 0:00,12/20/2020 0:00,15,310,5100    COLFAX                       AV
231805059,1/17/2023 0:00,3/15/2020 0:00,18,354,10400 S  HOOVER                       ST
220110263,4/13/2022 0:00,4/30/2020 0:00,1,354,300 W  3RD                          ST
231715837,9/28/2023 0:00,10/28/2020 0:00,17,662,16700    KINZIE                       ST
221810106,4/24/2022 0:00,11/18/2020 0:00,18,845,11200    SOUTHWEST                    BL
222107696,4/5/2022 0:00,4/15/2020 0:00,21,354,8400    TOPANGA CANYON               BL
231208669,2/16/2023 0:00,7/20/2020 0:00,12,354,700 W  73RD                         ST
222007966,4/2/2022 0:00,4/2/2020 0:00,20,510,700 S  CATALINA                     ST
230215957,7/11/2023 0:00,7/11/2020 0:00,2,354,100 S  MOUNTAIN VIEW                AV
221912089,7/13/2022 0:00,1/4/2020 0:00,19,810,UNKNOWN
211605013,2/3/2021 0:00,12/18/2020 0:00,16,354,9700    SAN FERNANDO                 RD
232014776,1/27/2023 0:00,1/1/2020 0:00,20,812,1100 S  KENMORE                      AV
220511322,6/29/2022 0:00,3/1/2020 0:00,5,439,2600 S  PECK                         AV
222116012,10/28/2022 0:00,8/12/2020 0:00,21,956,7600    RUDNICK                      AV
221607970,12/28/2021 0:00,10/15/2020 0:00,16,354,10900    EL DORADO                    AV
222007501,3/11/2022 0:00,3/11/2020 0:00,20,442,3700    WILSHIRE                     BL
221411380,5/24/2022 0:00,1/1/2020 0:00,14,354,3200    OVERLAND                     AV
232017254,10/18/2023 0:00,8/23/2020 0:00,20,354,400 S  KINGSLEY                     DR
222115665,10/20/2022 0:00,11/18/2020 0:00,21,354,21700    VENTURA                      BL
230604864,1/23/2023 0:00,1/1/2020 0:00,6,121,1300 N  SERRANO                      AV
221718329,12/26/2022 0:00,6/1/2020 0:00,17,815,19000    BRYANT                       ST
221715853,11/9/2022 0:00,8/15/2020 0:00,17,860,17900    ROSCOE                       BL
221418374,10/30/2022 0:00,10/30/2020 0:00,14,624,5000 S  SLAUSON                      AV
222111399,7/7/2022 0:00,8/21/2020 0:00,21,901,20200    HARTLAND                     ST
230307948,2/28/2023 0:00,3/28/2020 0:00,3,354,900 W  41ST                         ST
220709413,3/10/2022 0:00,1/20/2020 0:00,7,121,6000    WILSHIRE                     BL
231109198,5/20/2023 0:00,1/1/2020 0:00,11,354,2300    FERNLEAF                     ST
200905707,2/8/2020 0:00,2/7/2020 0:00,9,510,AETNA
220910848,6/27/2022 0:00,10/30/2020 0:00,9,354,7500    WOODMAN                      PL
230516031,11/21/2023 0:00,11/21/2020 0:00,5,626,900    FRANCISCO                    ST
220221510,12/8/2022 0:00,4/8/2020 0:00,2,354,2600 W  7TH                          ST
232104887,1/24/2023 0:00,5/20/2020 0:00,21,354,23000    LEONORA                      DR
221216200,7/11/2022 0:00,9/1/2020 0:00,12,354,7300 S  DENKER                       AV
231509430,5/8/2023 0:00,9/20/2020 0:00,15,354,11600    VENTURA                      BL
220107460,2/24/2022 0:00,1/15/2020 0:00,1,354,1400 S  FLOWER                       ST
221809781,4/26/2022 0:00,2/1/2020 0:00,18,354,9300    CROESUS                      AV
231407360,3/22/2023 0:00,11/16/2020 0:00,14,624,100    CATAMARAN                    ST
210906739,3/9/2021 0:00,11/16/2020 0:00,9,668,5800    VAN NUYS                     BL
230604663,1/17/2023 0:00,11/1/2020 0:00,6,860,5400    FOUNTAIN                     AV
231421914,12/17/2020 0:00,12/17/2020 0:00,14,354,3000    INGLEWOOD                    BL
230415586,12/21/2023 0:00,10/1/2020 0:00,4,812,3000    WYNWOOD                      LN
231511384,6/23/2023 0:00,9/1/2020 0:00,15,354,12500    BURBANK                      BL
220705301,2/3/2022 0:00,7/14/2020 0:00,7,354,5400    SAN VICENTE                  BL
231204292,1/2/2023 0:00,1/8/2020 0:00,12,354,4100 W  60TH                         ST
220314618,8/3/2022 0:00,3/10/2020 0:00,3,354,4100    GARTHWAITE                   AV
221704906,1/24/2022 0:00,10/17/2020 0:00,17,354,20500    LASSEN                       ST
220615948,9/13/2022 0:00,1/1/2020 0:00,6,900,7000    LANEWOOD                     AV
220505776,2/14/2022 0:00,11/4/2020 0:00,5,354,1700    256TH                        ST
230116672,7/17/2023 0:00,8/22/2020 0:00,1,121,200 S  OLIVE                        ST
221809652,4/22/2022 0:00,7/20/2020 0:00,18,354,100 E  95TH                         ST
230406446,3/16/2023 0:00,3/15/2020 0:00,4,354,1800 E  4TH                          ST
211209532,4/1/2021 0:00,10/18/2020 0:00,12,930,1800 W  49TH                         ST
230207636,3/18/2023 0:00,1/1/2020 0:00,2,354,1300    ANGELINA                     ST
221206083,2/4/2022 0:00,1/25/2020 0:00,12,354,3300 W  74TH                         ST
221811443,5/26/2022 0:00,2/2/2020 0:00,18,354,10100    BEACH                        ST
220208285,3/30/2022 0:00,6/30/2020 0:00,2,354,1500    CAMBRIA                      ST
231009710,5/30/2023 0:00,1/4/2020 0:00,10,354,6800    NEWCASTLE                    AV
220506283,3/1/2022 0:00,1/1/2020 0:00,5,510,1500 W  220TH                        ST
220410114,6/22/2022 0:00,1/1/2020 0:00,4,354,900    CALZONA                      ST
222117263,12/1/2022 0:00,1/1/2020 0:00,21,354,7300    VARIEL                       AV
220406802,3/25/2022 0:00,3/24/2020 0:00,4,510,300    SAN FERNANDO                 RD
221320934,11/14/2022 0:00,4/27/2020 0:00,13,121,MAIN                         ST
221306072,2/9/2022 0:00,8/5/2020 0:00,13,354,800 E  28TH                         ST
221614062,11/7/2022 0:00,2/26/2020 0:00,16,354,8600    HERRICK                      AV
221407828,3/18/2022 0:00,8/19/2020 0:00,14,330,5400 W  76TH                         ST
220505521,2/8/2022 0:00,10/1/2020 0:00,5,653,1400    BAYPOINT                     AV
230406805,3/26/2023 0:00,2/10/2020 0:00,4,440,2100    WHITTIER                     BL
231210177,4/14/2023 0:00,4/22/2020 0:00,12,341,7600    DALTON                       AV
230304767,1/17/2023 0:00,1/1/2020 0:00,3,354,5000    COLISEUM                     ST
221607048,4/5/2022 0:00,12/1/2020 0:00,16,354,7000    SUNNYCREST                   TL
210505803,2/15/2021 0:00,11/1/2020 0:00,5,668,800 S  GAFFEY                       ST
231805325,1/26/2023 0:00,1/1/2020 0:00,18,812,700 E  108TH                        ST
221817884,9/23/2022 0:00,6/22/2020 0:00,18,354,2100 E  CENTURY                      BL
231604399,1/12/2023 0:00,1/12/2020 0:00,16,354,13700    JUDD                         ST
221915337,10/5/2022 0:00,7/8/2020 0:00,19,121,12700    ENCINITAS                    AV
221004960,1/26/2022 0:00,11/1/2020 0:00,10,810,4500    CONCHITA                     WY
231510763,6/8/2023 0:00,4/1/2020 0:00,15,354,11000    VALERIO                      ST
231106617,3/9/2023 0:00,8/6/2020 0:00,11,354,3400    SCARBORO                     ST
221420690,11/16/2022 0:00,11/14/2020 0:00,14,440,1100    VENICE                       BL
231307252,3/3/2023 0:00,7/5/2020 0:00,13,354,6600 S  BROADWAY
230516282,11/28/2023 0:00,11/18/2020 0:00,5,420,25600    MARIGOLD                     AV
220715286,10/13/2022 0:00,6/1/2020 0:00,7,886,100 S  FLORES                       ST
221322455,12/14/2022 0:00,8/31/2020 0:00,13,354,5200 S  MAIN                         ST
220308220,3/29/2022 0:00,6/12/2020 0:00,3,354,5600    CLEMSON                      ST
221917036,11/3/2022 0:00,11/3/2020 0:00,19,740,9000    WILLIS                       AV
221308375,3/21/2022 0:00,2/4/2020 0:00,13,236,200 W  49TH                         ST
221512237,3/4/2022 0:00,3/1/2020 0:00,15,341,4100    ELMER                        AV
220111774,5/6/2022 0:00,5/25/2020 0:00,1,236,PASEO LUIS OLIVARES
201813532,7/5/2020 0:00,7/5/2020 0:00,18,510,109TH
231109831,6/6/2023 0:00,4/2/2020 0:00,11,845,3300    SAN FERNANDO                 RD
221225690,12/19/2022 0:00,5/1/2020 0:00,12,354,5800    CRENSHAW                     BL
221611890,8/30/2022 0:00,2/9/2020 0:00,16,354,12300    OSBORNE                      ST
210908888,5/4/2021 0:00,11/12/2020 0:00,9,354,13800    COHASSET                     ST
210404363,1/11/2021 0:00,12/18/2020 0:00,4,341,3400    WHITTIER                     BL
220106106,2/6/2022 0:00,11/20/2020 0:00,1,626,100    WINSTON                      ST
222105712,2/13/2022 0:00,1/1/2020 0:00,21,354,22100    LONDELIUS                    ST
230217098,8/21/2023 0:00,12/1/2020 0:00,2,354,900 S  LAKE                         ST
221607826,5/1/2022 0:00,4/1/2020 0:00,16,812,11000    QUILL                        AV
231505624,2/9/2023 0:00,8/6/2020 0:00,15,354,5100    COLFAX                       AV
221405000,1/19/2022 0:00,3/2/2020 0:00,14,354,3100 S  BARRINGTON                   AV
220711710,7/15/2022 0:00,3/4/2020 0:00,7,354,6300 W  5TH                          ST
221009305,5/17/2022 0:00,6/1/2020 0:00,10,956,5300    YARMOUTH                     AV
220610693,5/23/2022 0:00,8/5/2020 0:00,6,354,1700 N  SYCAMORE                     AV
221806712,2/28/2022 0:00,1/1/2020 0:00,18,812,10300 S  MAIN                         ST
221706362,3/8/2022 0:00,6/1/2020 0:00,17,662,20900    GRESHAM                      ST
221305642,2/3/2022 0:00,5/1/2020 0:00,13,354,67TH                         ST
221806711,2/28/2022 0:00,1/1/2020 0:00,18,815,10300 S  MAIN                         ST
231010971,6/30/2023 0:00,1/18/2020 0:00,10,354,6400    BALBOA                       BL
220804236,1/4/2022 0:00,12/1/2020 0:00,8,954,3200    MOTOR                        AV
221505658,2/8/2022 0:00,7/2/2020 0:00,15,354,10900    BLOOMFIELD                   ST
230610642,6/2/2023 0:00,7/25/2020 0:00,6,354,1700    SUNSET PLAZA                 DR
221715285,10/26/2022 0:00,1/1/2020 0:00,17,627,12000    SUSAN                        DR
231715425,9/20/2023 0:00,9/19/2020 0:00,17,420,16700    PARTHENIA                    ST
210708528,5/7/2021 0:00,4/7/2020 0:00,7,900,2000    4TH                          AV
220907962,4/14/2022 0:00,1/1/2020 0:00,9,354,14900    VANOWEN                      ST
231513527,8/11/2023 0:00,8/11/2020 0:00,15,354,6100    RADFORD                      AV
220617754,10/16/2022 0:00,9/29/2020 0:00,6,354,1700    CANYON                       DR
220613819,7/27/2022 0:00,12/8/2020 0:00,6,354,1500 N  FAIRFAX                      AV
221707353,2/15/2022 0:00,8/4/2020 0:00,17,740,19100    DERWENT                      PL
221806077,2/15/2022 0:00,11/1/2020 0:00,18,331,103RD                        ST
221310643,5/4/2022 0:00,6/3/2020 0:00,13,354,2600    NAOMI                        AV
222006040,2/16/2022 0:00,2/12/2020 0:00,20,354,3200 W  PICO                         BL
231910853,6/24/2023 0:00,8/28/2020 0:00,19,354,15200    NURMI                        ST
221511143,6/15/2022 0:00,11/19/2020 0:00,15,354,5300    CORTEEN                      PL
231611060,8/14/2023 0:00,7/6/2020 0:00,16,354,8800    BLUFFDALE                    DR
231708351,3/23/2023 0:00,11/1/2020 0:00,17,668,12900    JOLETTE                      AV
231804935,1/17/2023 0:00,1/5/2020 0:00,18,354,200 W  93RD                         ST
231507204,3/18/2023 0:00,12/15/2020 0:00,15,354,11000    OTSEGO                       ST
222011043,6/11/2022 0:00,5/1/2020 0:00,20,956,1800 S  ST ANDREWS                   PL
221216573,7/15/2022 0:00,5/15/2020 0:00,12,354,1200 W  56TH                         ST
231716371,10/11/2023 0:00,1/1/2020 0:00,17,354,10500    WOODLEY                      AV
230904576,1/17/2023 0:00,6/25/2020 0:00,9,354,5700    MATILIJA                     AV
220613587,7/23/2022 0:00,10/24/2020 0:00,6,354,6200 W  SUNSET                       BL
231304936,1/17/2023 0:00,11/17/2020 0:00,13,354,900 E  15TH                         ST
231008955,5/9/2023 0:00,1/9/2020 0:00,10,627,16500    VANOWEN                      ST
221810128,5/3/2022 0:00,6/22/2020 0:00,18,354,700 W  CENTURY                      BL
221718119,12/21/2022 0:00,1/1/2020 0:00,17,121,20400    BIRMINGHAM                   WY
230312512,6/21/2023 0:00,7/9/2020 0:00,3,354,3600 S  NORMANDIE                    AV
230117531,8/7/2023 0:00,8/7/2020 0:00,1,330,3RD
220710103,6/6/2022 0:00,8/1/2020 0:00,7,956,5700 W  6TH                          ST
220105454,1/25/2022 0:00,9/2/2020 0:00,1,745,1800    INDUSTRIAL                   ST
221110794,6/22/2022 0:00,1/20/2020 0:00,11,354,1800 N  ALEXANDRIA                   AV
221000883,9/21/2022 0:00,5/1/2020 0:00,10,860,17000    HAYNES                       ST
230314458,8/1/2023 0:00,2/1/2020 0:00,3,354,3000 S  VERMONT                      AV
232010431,5/17/2023 0:00,1/1/2020 0:00,20,626,FEDORA                       ST
220709236,5/15/2022 0:00,10/28/2020 0:00,7,354,300 S  CURSON                       AV
231221484,10/17/2023 0:00,7/16/2020 0:00,12,354,8300    AVALON                       BL
220207142,3/12/2022 0:00,1/15/2020 0:00,2,860,200 N  CARONDELET                   ST
222019482,12/20/2022 0:00,12/20/2020 0:00,20,745,1100 S  VERMONT                      AV
221916494,11/2/2022 0:00,11/2/2020 0:00,19,940,14500    LANARK                       ST
220917796,12/28/2022 0:00,11/1/2020 0:00,9,354,6600    VAN NUYS                     BL
210705163,12/26/2020 0:00,12/18/2020 0:00,7,440,400 S  BURNSIDE                     AV
232108067,4/17/2023 0:00,4/17/2020 0:00,21,354,23300    KESWICK                      ST
222005167,1/6/2022 0:00,12/1/2020 0:00,20,354,600 N  PLYMOUTH                     BL
221004454,1/13/2022 0:00,1/14/2020 0:00,10,354,7500    YARMOUTH                     AV
221709079,3/21/2022 0:00,1/22/2020 0:00,17,354,17900    HIAWATHA                     ST
232104840,1/18/2023 0:00,12/1/2020 0:00,21,627,9300    GLADE                        AV
231208405,2/24/2023 0:00,2/24/2020 0:00,12,354,1500 W  84TH                         PL
221407872,3/20/2022 0:00,4/1/2020 0:00,14,310,4000    GLENCOE                      AV
231306429,2/16/2023 0:00,1/1/2020 0:00,13,354,4700    WALL                         ST
221407832,3/18/2021 0:00,12/14/2020 0:00,14,668,9700    AIRPORT                      BL
232110766,6/22/2023 0:00,9/9/2020 0:00,21,662,20000    VENTURA                      BL
221307404,3/4/2022 0:00,11/16/2020 0:00,13,626,200 E  55TH                         ST
221211864,5/12/2022 0:00,1/1/2020 0:00,12,121,SLAUSON                      AV
221715312,10/16/2022 0:00,7/11/2020 0:00,17,626,11700    THUNDERBIRD                  AV
230618649,12/6/2023 0:00,8/1/2020 0:00,6,341,1600    COSMO                        ST
230309680,4/18/2023 0:00,2/2/2020 0:00,3,354,3800    NORTON                       AV
220220487,11/20/2022 0:00,9/14/2020 0:00,2,354,800 N  LA FAYETTE PARK              PL
221916131,10/26/2022 0:00,3/26/2020 0:00,19,354,7900    WILLIS                       AV
221005218,2/2/2022 0:00,9/9/2020 0:00,10,354,18500    HATTERAS                     ST
231804643,1/10/2023 0:00,1/1/2020 0:00,18,812,900 E  IMPERIAL                     HY
231715652,9/23/2023 0:00,1/17/2020 0:00,17,354,21400    PLUMMER                      ST
220817354,11/28/2022 0:00,8/1/2020 0:00,8,354,1700    PALISADES                    DR
231218894,9/4/2023 0:00,2/2/2020 0:00,12,626,300 W  75TH                         ST
230504426,1/10/2023 0:00,10/31/2020 0:00,5,354,1400 W  215TH                        ST
221917878,12/13/2022 0:00,8/1/2020 0:00,19,812,13300    GRIDLEY                      ST
231212872,5/26/2023 0:00,11/6/2020 0:00,12,354,2100 W  CENTURY                      BL
220512200,8/5/2022 0:00,8/5/2020 0:00,5,956,300    KING                         AV
220604150,1/4/2022 0:00,3/16/2020 0:00,6,341,1600 N  LAUREL                       AV
220109442,4/1/2022 0:00,1/1/2020 0:00,1,354,800    NEW DEPOT                    ST
231412095,6/9/2023 0:00,6/19/2020 0:00,14,121,5000 S  SLAUSON                      AV
210808759,4/29/2021 0:00,8/3/2020 0:00,8,354,1600    CAMDEN                       AV
220504759,1/20/2022 0:00,1/19/2020 0:00,5,310,1600 W  219TH                        ST
220707275,3/27/2022 0:00,6/7/2020 0:00,7,434,6300    WILSHIRE                     BL
231711731,5/25/2023 0:00,6/2/2020 0:00,17,354,16800    SAN FERNANDO MISSION         BL
220318720,10/19/2022 0:00,7/10/2020 0:00,3,666,4000 S  HARVARD                      BL
211406426,10/25/2020 0:00,7/2/2020 0:00,14,860,5700 W  CENTURY                      BL
220613117,7/12/2022 0:00,1/2/2020 0:00,6,354,1700 N  GOWER                        ST
231110083,6/13/2023 0:00,9/22/2020 0:00,11,649,4800 W  SUNSET                       BL
220306276,2/19/2022 0:00,9/20/2020 0:00,3,354,5100    CRENSHAW                     BL
220318758,10/19/2022 0:00,1/15/2020 0:00,3,956,4100    BUCKINGHAM                   RD
231804115,12/28/2022 0:00,11/22/2020 0:00,18,121,100 W  91ST                         ST
201511143,6/11/2020 0:00,6/9/2020 0:00,15,510,VANOWEN
231214452,1/1/2020 0:00,1/1/2020 0:00,12,354,8400 S  MAIN                         ST
231609173,6/14/2023 0:00,10/15/2020 0:00,16,354,6200    REID                         ST
221006841,3/17/2022 0:00,9/20/2020 0:00,10,354,18500    BURBANK                      BL
220404154,1/5/2022 0:00,12/31/2020 0:00,4,626,1500    MURCHISON                    ST
230706782,3/1/2023 0:00,7/12/2020 0:00,7,354,100 S  POINSETTIA                   PL
231306038,2/9/2023 0:00,3/2/2020 0:00,13,354,100 W  71ST                         ST
221515656,10/1/2022 0:00,2/22/2020 0:00,15,354,11100    CHANDLER                     BL
220404758,1/25/2022 0:00,4/12/2020 0:00,4,956,1000    MONTECITO                    DR
230106509,2/7/2023 0:00,3/7/2020 0:00,1,354,100 S  FIGUEROA                     ST
221307738,3/8/2022 0:00,2/15/2020 0:00,13,354,5500    MORGAN                       AV
221014385,9/23/2022 0:00,9/21/2020 0:00,10,354,7600    LOUISE                       AV
212111298,7/12/2021 0:00,11/4/2020 0:00,21,354,4600    MORRO                        DR
202011756,7/5/2020 0:00,7/5/2020 0:00,20,510,1500 S  ST ANDREWS                   PL
221322193,12/9/2022 0:00,6/9/2020 0:00,13,354,700 E  56TH                         ST
221918167,12/20/2022 0:00,12/19/2020 0:00,19,330,14300    TUPPER                       ST
210206749,3/8/2021 0:00,11/27/2020 0:00,2,354,1100 S  WESTLAKE                     AV
230114590,6/20/2023 0:00,2/1/2020 0:00,1,354,600 N  HILL                         PL
212106349,1/14/2021 0:00,10/14/2020 0:00,21,341,22100    CLARENDON                    ST
221208508,3/22/2022 0:00,10/15/2020 0:00,12,510,GRAND                        AV
211404448,1/6/2021 0:00,12/20/2020 0:00,14,440,2500    PACIFIC                      AV
241204450,1/6/2024 0:00,5/6/2020 0:00,12,354,3200 W  78TH                         PL
220315466,8/21/2022 0:00,8/20/2020 0:00,3,330,3800    SANTA ROSALIA                DR
221222292,10/25/2022 0:00,10/25/2020 0:00,12,510,9200    LA SALLE                     AV
222019110,10/12/2022 0:00,2/9/2020 0:00,20,354,500 N  KINGSLEY                     DR
221107379,4/1/2022 0:00,6/10/2020 0:00,11,354,600    MILO                         TR
231613718,11/3/2023 0:00,12/20/2020 0:00,16,354,10800    BETTY LOU                    LN
221410135,5/3/2022 0:00,8/19/2020 0:00,14,354,600    ROSE                         AV
221822190,12/14/2022 0:00,6/16/2020 0:00,18,354,1900 S  SANTA ANA                    BL
231405764,2/10/2023 0:00,1/1/2020 0:00,14,812,12400    ALLIN                        ST
231004261,1/5/2023 0:00,1/2/2020 0:00,10,420,7100    WOODLEY                      AV
220808005,4/7/2022 0:00,3/8/2020 0:00,8,354,11800    DARLINGTON                   AV
220108255,3/14/2022 0:00,1/1/2020 0:00,1,354,1200 S  HOPE                         ST
220412117,8/15/2022 0:00,6/3/2020 0:00,4,354,4700    TEMPLETON                    ST
221110194,6/8/2022 0:00,1/22/2020 0:00,11,354,3500    ARROYO SECO                  AV
230704850,1/21/2023 0:00,1/23/2020 0:00,7,420,300 S  ORANGE                       DR
231109377,5/25/2023 0:00,5/8/2020 0:00,11,845,3300    SAN FERNANDO                 RD
222110400,6/11/2022 0:00,4/19/2020 0:00,21,354,20500    LEADWELL                     ST
230916996,12/2/2023 0:00,7/1/2020 0:00,9,649,7200    TYRONE                       AV
231223987,11/27/2023 0:00,6/20/2020 0:00,12,354,2100 W  94TH                         PL
211704018,12/31/2020 0:00,12/30/2020 0:00,17,624,8900    WINNETKA                     AV
232015967,9/27/2023 0:00,9/11/2020 0:00,20,812,300 S  MANHATTAN                    PL
212115371,10/18/2021 0:00,11/19/2020 0:00,21,354,20300    HAMLIN                       ST
231009996,5/19/2023 0:00,1/3/2020 0:00,10,354,7500    OSTROM                       AV
221704065,1/4/2022 0:00,12/15/2020 0:00,17,662,16000    SAN FERNANDO MISSION         BL
221107905,4/15/2022 0:00,12/16/2020 0:00,11,354,3000    ROSWELL                      ST
221906797,3/10/2022 0:00,6/30/2020 0:00,19,354,14000    ASTORIA                      ST
221610929,7/30/2022 0:00,7/1/2020 0:00,16,627,11000    ARMINTA                      ST
231321739,12/8/2023 0:00,2/20/2020 0:00,13,354,1100 E  52ND                         ST
220810198,5/31/2022 0:00,7/1/2020 0:00,8,510,2000 S  SHERBOURNE                   DR
220718228,12/25/2022 0:00,7/21/2020 0:00,7,354,1900 S  BURNSIDE                     AV
220513949,9/20/2022 0:00,8/12/2020 0:00,5,354,800    MILLMARK GROVE               ST
220510809,6/30/2022 0:00,6/22/2020 0:00,5,956,1600 N  WILMINGTON                   BL
231306523,2/18/2023 0:00,11/1/2020 0:00,13,354,6000 S  MAIN                         ST
220515053,10/19/2022 0:00,7/10/2020 0:00,5,812,200 N  GRAND                        AV
221612872,9/30/2022 0:00,9/29/2020 0:00,16,624,11000    NORRIS                       AV
212005882,2/22/2021 0:00,7/20/2020 0:00,20,440,500 S  WESTERN                      AV
230606590,2/20/2023 0:00,1/1/2020 0:00,6,354,8500    APPIAN                       WY
231212326,5/19/2023 0:00,3/19/2020 0:00,12,354,3100 W  59TH                         PL
221319009,10/7/2022 0:00,10/7/2020 0:00,13,354,2700    HOOPER                       AV
221214276,6/3/2022 0:00,3/3/2020 0:00,12,354,8900 S  HARVARD                      BL
221223354,11/12/2022 0:00,9/1/2020 0:00,12,815,900 W  54TH                         ST
201909255,4/29/2020 0:00,4/28/2020 0:00,19,510,9900    SEPULVEDA                    BL
221110474,6/16/2022 0:00,6/15/2020 0:00,11,815,3400    RIVERSIDE                    DR
240904082,1/3/2024 0:00,7/7/2020 0:00,9,354,6800    KESTER                       AV
221313546,6/27/2022 0:00,11/12/2020 0:00,13,354,1500 E  55TH                         ST
241204448,1/5/2024 0:00,8/19/2020 0:00,12,354,200 W  75TH                         ST
220710490,4/9/2022 0:00,8/20/2020 0:00,7,354,3700 W  PICO                         BL
221322933,12/16/2022 0:00,7/16/2020 0:00,13,354,300 E  59TH                         PL
230506258,3/1/2023 0:00,7/22/2020 0:00,5,810,400 W  16TH                         ST
222115311,10/12/2022 0:00,11/19/2020 0:00,21,354,8400    DE SOTO                      AV
231907171,3/21/2023 0:00,3/15/2020 0:00,19,812,8500    COLUMBUS                     AV
220717331,12/3/2022 0:00,11/18/2020 0:00,7,440,5900    BURCHARD                     AV
221322196,12/9/2022 0:00,2/9/2020 0:00,13,354,6900 S  MAIN                         ST
220808996,5/2/2022 0:00,12/30/2020 0:00,8,354,300    VIA DE LA PAZ
221508746,4/19/2022 0:00,10/30/2020 0:00,15,740,6000    BELLAIRE                     AV
221704848,1/20/2022 0:00,3/8/2020 0:00,17,956,8500    DE SOTO                      AV
221614389,11/18/2022 0:00,11/17/2020 0:00,16,354,13300    TERRA BELLA                  ST
220416185,12/9/2022 0:00,2/9/2020 0:00,4,354,1800 E  4TH                          ST
221105114,1/31/2022 0:00,7/27/2020 0:00,11,354,4200    CLAYTON                      AV
221316918,9/1/2022 0:00,9/1/2020 0:00,13,510,900    MCGARRY                      ST
221319458,10/17/2022 0:00,9/1/2020 0:00,13,627,31ST                         ST
230905264,2/4/2023 0:00,7/4/2020 0:00,9,354,4700    VISTA DEL MONTE              AV
221514166,8/25/2022 0:00,4/25/2020 0:00,15,354,4100    VANETTA                      PL
220106667,2/15/2022 0:00,2/6/2020 0:00,1,354,500 S  SPRING                       ST
221604195,1/5/2022 0:00,2/10/2020 0:00,16,354,13500    MERCER                       ST
221005417,2/8/2022 0:00,6/30/2020 0:00,10,354,19200    SATICOY                      ST
232009541,5/8/2023 0:00,8/1/2020 0:00,20,354,3000 W  OLYMPIC                      BL
231715667,9/25/2023 0:00,9/3/2020 0:00,17,354,21600    DEVONSHIRE                   ST
220911156,7/6/2022 0:00,1/1/2020 0:00,9,310,15300    HATTERAS                     ST
231820987,11/27/2023 0:00,1/27/2020 0:00,18,354,11000    AVALON                       BL
231304299,1/6/2023 0:00,1/6/2020 0:00,13,354,W  69TH                         ST
221420220,12/10/2022 0:00,10/24/2020 0:00,14,354,10100    TABOR                        ST
230312758,6/26/2023 0:00,8/17/2020 0:00,3,354,5000    OBAMA                        BL
222007220,3/18/2022 0:00,7/5/2020 0:00,20,815,100 S  NORMANDIE                    AV
231310852,5/17/2023 0:00,11/19/2020 0:00,13,354,200 W  47TH                         ST
200308100,3/7/2020 0:00,3/6/2020 0:00,3,510,VERMONT
220509311,5/19/2022 0:00,12/17/2020 0:00,5,331,1500 N  FRIES                        AV
220806536,3/3/2022 0:00,12/29/2020 0:00,8,354,1400    REEVES                       ST
222013904,7/13/2022 0:00,7/5/2020 0:00,20,354,900 S  SERRANO                      AV
221218275,8/24/2022 0:00,6/1/2020 0:00,12,662,1700 W  FLORENCE                     AV
220304310,1/7/2022 0:00,9/22/2020 0:00,3,352,3000    11TH                         AV
220304311,1/7/2022 0:00,6/7/2020 0:00,3,354,1000 W  38TH                         ST
232110968,6/27/2023 0:00,3/1/2020 0:00,21,662,20300    STAGG                        ST
222106599,3/9/2022 0:00,5/28/2020 0:00,21,354,24000    STRATHERN                    ST
231307986,3/15/2023 0:00,1/1/2020 0:00,13,626,4600    HOOPER                       AV
221614385,11/19/2022 0:00,11/18/2020 0:00,16,510,12000    KESWICK                      ST
220805315,2/1/2022 0:00,1/1/2020 0:00,8,236,3100 S  CANFIELD                     AV
231209551,4/3/2023 0:00,7/2/2020 0:00,12,354,6200 S  VAN NESS                     AV
220612379,6/23/2022 0:00,1/2/2020 0:00,6,354,1600 N  OGDEN                        DR
231210119,4/12/2023 0:00,1/1/2020 0:00,12,354,600 W  46TH                         ST
222117701,12/8/2022 0:00,8/1/2020 0:00,21,235,7600    WINNETKA                     AV
231507736,3/31/2023 0:00,1/9/2020 0:00,15,354,4300    WILKINSON                    AV
221516997,11/4/2022 0:00,8/4/2020 0:00,15,354,12800    VICTORY                      BL
220308398,4/1/2022 0:00,4/1/2020 0:00,3,354,1000 W  39TH                         PL
210605032,1/25/2021 0:00,12/12/2020 0:00,6,440,800 N  CAHUENGA                     BL
230606956,3/6/2023 0:00,1/6/2020 0:00,6,354,5400    SANTA MONICA                 BL
221017702,12/14/2022 0:00,1/14/2020 0:00,10,354,19200    HAYNES                       ST
232008549,4/20/2023 0:00,4/19/2020 0:00,20,220,4500    BEVERLY                      BL
221821949,12/9/2022 0:00,3/15/2020 0:00,18,420,10100    COURTNEY                     ST
220616628,9/19/2022 0:00,10/26/2020 0:00,6,649,1100    GORDON                       ST
220804701,11/25/2020 0:00,11/24/2020 0:00,8,310,2400 S  SHENANDOAH                   ST
220111693,2/9/2022 0:00,5/28/2020 0:00,1,845,100 W  1ST                          ST
230608066,4/5/2023 0:00,9/1/2020 0:00,6,121,1300 N  ORANGE                       DR
230221295,11/20/2023 0:00,11/18/2020 0:00,2,230,4100    CLINTON                      ST
221109039,5/11/2022 0:00,3/1/2020 0:00,11,121,3900    TRACY                        ST
221404794,11/25/2020 0:00,10/28/2020 0:00,14,668,11200 S  LA CIENEGA                   BL
231916568,11/13/2023 0:00,1/1/2020 0:00,19,354,13100    REEDLEY                      ST
231514037,8/25/2023 0:00,1/3/2020 0:00,15,661,6700    RIVERTON                     AV
231907935,4/11/2023 0:00,9/24/2020 0:00,19,740,8200    ALLOTT                       AV
220221673,12/14/2022 0:00,1/1/2020 0:00,2,354,2300 W  2ND                          ST
231215913,6/27/2023 0:00,6/3/2020 0:00,12,354,6400    8TH                          AV
220605196,1/26/2022 0:00,9/20/2020 0:00,6,354,1300 N  SIERRA BONITA                AV
222005269,1/12/2022 0:00,8/20/2020 0:00,20,956,4200 W  1ST                          ST
211506042,2/19/2021 0:00,11/3/2020 0:00,15,440,DONA PEGITA                  DR
231108513,5/1/2023 0:00,6/15/2020 0:00,11,354,900    ELDER                        CT
220804378,1/12/2022 0:00,1/1/2020 0:00,8,341,1200    WOODRUFF                     AV
221214939,7/1/2022 0:00,7/20/2020 0:00,12,510,FIGUEROA
220322029,12/18/2022 0:00,1/1/2020 0:00,3,354,4000    GELBER                       PL
231219251,8/29/2023 0:00,5/1/2020 0:00,12,354,7500    CRENSHAW                     BL
221808474,3/30/2022 0:00,1/1/2020 0:00,18,354,300 E  93RD                         ST
221207260,3/1/2022 0:00,1/1/2020 0:00,12,810,10000 S  WESTERN                      AV
221714096,9/27/2022 0:00,1/9/2020 0:00,17,654,19300    ROMAR                        ST
212104482,1/15/2021 0:00,12/24/2020 0:00,21,330,6000    DE SOTO                      AV
220904316,1/10/2022 0:00,11/24/2020 0:00,9,310,6600    PEACH                        AV
231715494,9/20/2023 0:00,6/17/2020 0:00,17,661,20000    PRAIRIE                      ST
211705022,12/15/2020 0:00,12/11/2020 0:00,17,330,18400    LEMARSH                      ST
221808473,4/1/2022 0:00,8/1/2020 0:00,18,354,15500 S  VERMONT                      AV
221514872,9/11/2022 0:00,6/22/2020 0:00,15,956,6300    GOODLAND                     AV
221418660,11/8/2022 0:00,6/18/2020 0:00,14,236,00    WESTMINSTER                  AV
230405444,2/14/2023 0:00,2/13/2020 0:00,4,330,4000    VIA MARISOL
201909450,5/5/2020 0:00,5/5/2020 0:00,19,648,8800    MURIETTA                     AV
210605155,12/26/2020 0:00,12/25/2020 0:00,6,956,1600 N  FULLER                       AV
231223483,11/21/2023 0:00,4/21/2020 0:00,12,845,8200 S  FIGUEROA                     ST
221912349,7/11/2022 0:00,10/14/2020 0:00,19,354,14600    TUNDRA                       DR
222011665,6/27/2022 0:00,8/30/2020 0:00,20,354,100 S  VERMONT                      AV
220116792,7/22/2022 0:00,6/19/2020 0:00,1,845,200 E  6TH                          ST
221005036,1/29/2022 0:00,10/1/2020 0:00,10,121,6600    DARBY                        AV
221115841,11/2/2022 0:00,1/21/2020 0:00,11,845,3300    SAN FERNANDO                 RD
221010902,6/24/2022 0:00,5/21/2020 0:00,10,354,7500    GAVIOTA                      AV
231109641,6/1/2023 0:00,5/31/2020 0:00,11,354,1900    BLAKE                        AV
231204451,1/6/2023 0:00,1/6/2020 0:00,12,354,9200    LA SALLE                     AV
210206454,3/1/2021 0:00,9/15/2020 0:00,2,354,1300    ALLISON                      AV
221704520,12/5/2021 0:00,12/2/2020 0:00,17,354,8700    DE SOTO                      AV
232007295,3/22/2023 0:00,3/1/2020 0:00,20,624,3900 W  6TH                          ST
231510507,6/1/2023 0:00,9/6/2020 0:00,15,354,12300    BURBANK                      BL
210604151,1/5/2021 0:00,12/31/2020 0:00,6,442,5500 W  SUNSET                       BL
232017258,10/16/2023 0:00,1/28/2020 0:00,20,354,800 S  BERENDO                      ST
230109313,3/25/2023 0:00,2/25/2020 0:00,1,354,800 S  HOPE                         ST
221504303,1/9/2022 0:00,12/1/2020 0:00,15,821,10900    BURBANK                      BL
230808592,4/3/2023 0:00,10/12/2020 0:00,8,354,900    BEL AIR                      RD
240304549,1/11/2024 0:00,6/10/2020 0:00,3,354,3800 W  MONT CLAIR                   ST
231107472,4/4/2023 0:00,7/15/2020 0:00,11,354,5000    ECHO                         ST
220910836,6/27/2022 0:00,6/25/2020 0:00,9,740,14000    ARCHWOOD                     ST
230212110,6/8/2023 0:00,7/3/2020 0:00,2,354,500 S  GRAND VIEW                   ST
221916217,10/28/2022 0:00,12/23/2020 0:00,19,354,13600    DE GARMO                     AV
220909185,5/15/2022 0:00,12/1/2020 0:00,9,812,14600    CALVERT                      ST
201410297,5/1/2020 0:00,4/30/2020 0:00,14,510,3700    GREENFIELD                   AV
231420990,11/26/2023 0:00,12/28/2020 0:00,14,626,11900    WESTMINSTER                  AV
222005168,1/7/2022 0:00,2/10/2020 0:00,20,354,900 S  HARVARD                      BL
231204321,1/2/2023 0:00,7/2/2020 0:00,12,354,400 W  80TH                         ST
231717133,11/2/2023 0:00,12/2/2020 0:00,17,310,18800    RAYEN                        ST
232009763,4/21/2023 0:00,11/23/2020 0:00,20,354,3500    SAN MARINO                   ST
231513372,8/10/2023 0:00,8/10/2020 0:00,15,354,5000    LANKERSHIM                   BL
221013527,9/2/2022 0:00,1/14/2020 0:00,10,922,8100    ETIWANDA                     AV
221609445,6/13/2022 0:00,1/1/2020 0:00,16,354,11600    SHELDON                      ST
222017127,11/14/2022 0:00,3/1/2020 0:00,20,354,3200 W  PICO                         BL
220813395,8/17/2022 0:00,11/22/2020 0:00,8,649,1200    BROCKTON                     AV
220609056,4/15/2022 0:00,4/4/2020 0:00,6,354,6300    HOLLYWOOD                    BL
220309997,5/2/2022 0:00,11/1/2020 0:00,3,627,4100    LEIMERT                      BL
231608256,5/15/2023 0:00,5/1/2020 0:00,16,760,10500    HADDON                       AV
220214155,7/9/2022 0:00,9/1/2020 0:00,2,354,700    WITMER                       ST
230808872,4/26/2023 0:00,9/1/2020 0:00,8,668,2000 S  ROBERTSON                    BL
